# hebrew versification -> KJV standard; single-verse diffs only (identity elsewhere). Source: STEPBible TVTMS (CC-BY). shoresh versification.build
source_ref	standard_ref	action
1CH 12:10	1CH 12:9	Renumber verse
1CH 12:11	1CH 12:10	Renumber verse
1CH 12:12	1CH 12:11	Renumber verse
1CH 12:13	1CH 12:12	Renumber verse
1CH 12:14	1CH 12:13	Renumber verse
1CH 12:15	1CH 12:14	Renumber verse
1CH 12:16	1CH 12:15	Renumber verse
1CH 12:17	1CH 12:16	Renumber verse
1CH 12:18	1CH 12:17	Renumber verse
1CH 12:19	1CH 12:18	Renumber verse
1CH 12:20	1CH 12:19	Renumber verse
1CH 12:21	1CH 12:20	Renumber verse
1CH 12:22	1CH 12:21	Renumber verse
1CH 12:23	1CH 12:22	Renumber verse
1CH 12:24	1CH 12:23	Renumber verse
1CH 12:25	1CH 12:24	Renumber verse
1CH 12:26	1CH 12:25	Renumber verse
1CH 12:27	1CH 12:26	Renumber verse
1CH 12:28	1CH 12:27	Renumber verse
1CH 12:29	1CH 12:28	Renumber verse
1CH 12:30	1CH 12:29	Renumber verse
1CH 12:31	1CH 12:30	Renumber verse
1CH 12:32	1CH 12:31	Renumber verse
1CH 12:33	1CH 12:32	Renumber verse
1CH 12:34	1CH 12:33	Renumber verse
1CH 12:35	1CH 12:34	Renumber verse
1CH 12:36	1CH 12:35	Renumber verse
1CH 12:37	1CH 12:36	Renumber verse
1CH 12:38	1CH 12:37	Renumber verse
1CH 12:39	1CH 12:38	Renumber verse
1CH 12:40	1CH 12:39	Renumber verse
1CH 12:41	1CH 12:40	Renumber verse
1CH 12:6	1CH 12:5	Renumber verse
1CH 12:7	1CH 12:6	Renumber verse
1CH 12:8	1CH 12:7	Renumber verse
1CH 12:9	1CH 12:8	Renumber verse
1CH 5:27	1CH 6:1	Renumber verse
1CH 5:28	1CH 6:2	Renumber verse
1CH 5:29	1CH 6:3	Renumber verse
1CH 5:30	1CH 6:4	Renumber verse
1CH 5:31	1CH 6:5	Renumber verse
1CH 5:32	1CH 6:6	Renumber verse
1CH 5:33	1CH 6:7	Renumber verse
1CH 5:34	1CH 6:8	Renumber verse
1CH 5:35	1CH 6:9	Renumber verse
1CH 5:36	1CH 6:10	Renumber verse
1CH 5:37	1CH 6:11	Renumber verse
1CH 5:38	1CH 6:12	Renumber verse
1CH 5:39	1CH 6:13	Renumber verse
1CH 5:40	1CH 6:14	Renumber verse
1CH 5:41	1CH 6:15	Renumber verse
1CH 6:1	1CH 6:16	Renumber verse
1CH 6:10	1CH 6:25	Renumber verse
1CH 6:11	1CH 6:26	Renumber verse
1CH 6:12	1CH 6:27	Renumber verse
1CH 6:13	1CH 6:28	Renumber verse
1CH 6:14	1CH 6:29	Renumber verse
1CH 6:15	1CH 6:30	Renumber verse
1CH 6:16	1CH 6:31	Renumber verse
1CH 6:17	1CH 6:32	Renumber verse
1CH 6:18	1CH 6:33	Renumber verse
1CH 6:19	1CH 6:34	Renumber verse
1CH 6:2	1CH 6:17	Renumber verse
1CH 6:20	1CH 6:35	Renumber verse
1CH 6:21	1CH 6:36	Renumber verse
1CH 6:22	1CH 6:37	Renumber verse
1CH 6:23	1CH 6:38	Renumber verse
1CH 6:24	1CH 6:39	Renumber verse
1CH 6:25	1CH 6:40	Renumber verse
1CH 6:26	1CH 6:41	Renumber verse
1CH 6:27	1CH 6:42	Renumber verse
1CH 6:28	1CH 6:43	Renumber verse
1CH 6:29	1CH 6:44	Renumber verse
1CH 6:3	1CH 6:18	Renumber verse
1CH 6:30	1CH 6:45	Renumber verse
1CH 6:31	1CH 6:46	Renumber verse
1CH 6:32	1CH 6:47	Renumber verse
1CH 6:33	1CH 6:48	Renumber verse
1CH 6:34	1CH 6:49	Renumber verse
1CH 6:35	1CH 6:50	Renumber verse
1CH 6:36	1CH 6:51	Renumber verse
1CH 6:37	1CH 6:52	Renumber verse
1CH 6:38	1CH 6:53	Renumber verse
1CH 6:39	1CH 6:54	Renumber verse
1CH 6:4	1CH 6:19	Renumber verse
1CH 6:40	1CH 6:55	Renumber verse
1CH 6:41	1CH 6:56	Renumber verse
1CH 6:42	1CH 6:57	Renumber verse
1CH 6:43	1CH 6:58	Renumber verse
1CH 6:44	1CH 6:59	Renumber verse
1CH 6:45	1CH 6:60	Renumber verse
1CH 6:46	1CH 6:61	Renumber verse
1CH 6:47	1CH 6:62	Renumber verse
1CH 6:48	1CH 6:63	Renumber verse
1CH 6:49	1CH 6:64	Renumber verse
1CH 6:5	1CH 6:20	Renumber verse
1CH 6:50	1CH 6:65	Renumber verse
1CH 6:51	1CH 6:66	Renumber verse
1CH 6:52	1CH 6:67	Renumber verse
1CH 6:53	1CH 6:68	Renumber verse
1CH 6:54	1CH 6:69	Renumber verse
1CH 6:55	1CH 6:70	Renumber verse
1CH 6:56	1CH 6:71	Renumber verse
1CH 6:57	1CH 6:72	Renumber verse
1CH 6:58	1CH 6:73	Renumber verse
1CH 6:59	1CH 6:74	Renumber verse
1CH 6:6	1CH 6:21	Renumber verse
1CH 6:60	1CH 6:75	Renumber verse
1CH 6:61	1CH 6:76	Renumber verse
1CH 6:62	1CH 6:77	Renumber verse
1CH 6:63	1CH 6:78	Renumber verse
1CH 6:64	1CH 6:79	Renumber verse
1CH 6:65	1CH 6:80	Renumber verse
1CH 6:66	1CH 6:81	Renumber verse
1CH 6:7	1CH 6:22	Renumber verse
1CH 6:8	1CH 6:23	Renumber verse
1CH 6:9	1CH 6:24	Renumber verse
1KI 22:45	1KI 22:44	Renumber verse
1KI 22:46	1KI 22:45	Renumber verse
1KI 22:47	1KI 22:46	Renumber verse
1KI 22:48	1KI 22:47	Renumber verse
1KI 22:49	1KI 22:48	Renumber verse
1KI 22:50	1KI 22:49	Renumber verse
1KI 22:51	1KI 22:50	Renumber verse
1KI 22:52	1KI 22:51	Renumber verse
1KI 22:53	1KI 22:52	Renumber verse
1KI 22:54	1KI 22:53	Renumber verse
1KI 5:1	1KI 4:21	Renumber verse
1KI 5:10	1KI 4:30	Renumber verse
1KI 5:11	1KI 4:31	Renumber verse
1KI 5:12	1KI 4:32	Renumber verse
1KI 5:13	1KI 4:33	Renumber verse
1KI 5:14	1KI 4:34	Renumber verse
1KI 5:15	1KI 5:1	Renumber verse
1KI 5:16	1KI 5:2	Renumber verse
1KI 5:17	1KI 5:3	Renumber verse
1KI 5:18	1KI 5:4	Renumber verse
1KI 5:19	1KI 5:5	Renumber verse
1KI 5:2	1KI 4:22	Renumber verse
1KI 5:20	1KI 5:6	Renumber verse
1KI 5:21	1KI 5:7	Renumber verse
1KI 5:22	1KI 5:8	Renumber verse
1KI 5:23	1KI 5:9	Renumber verse
1KI 5:24	1KI 5:10	Renumber verse
1KI 5:25	1KI 5:11	Renumber verse
1KI 5:26	1KI 5:12	Renumber verse
1KI 5:27	1KI 5:13	Renumber verse
1KI 5:28	1KI 5:14	Renumber verse
1KI 5:29	1KI 5:15	Renumber verse
1KI 5:3	1KI 4:23	Renumber verse
1KI 5:30	1KI 5:16	Renumber verse
1KI 5:31	1KI 5:17	Renumber verse
1KI 5:32	1KI 5:18	Renumber verse
1KI 5:4	1KI 4:24	Renumber verse
1KI 5:5	1KI 4:25	Renumber verse
1KI 5:6	1KI 4:26	Renumber verse
1KI 5:7	1KI 4:27	Renumber verse
1KI 5:8	1KI 4:28	Renumber verse
1KI 5:9	1KI 4:29	Renumber verse
1SA 21:10	1SA 21:9	Renumber verse
1SA 21:11	1SA 21:10	Renumber verse
1SA 21:12	1SA 21:11	Renumber verse
1SA 21:13	1SA 21:12	Renumber verse
1SA 21:14	1SA 21:13	Renumber verse
1SA 21:15	1SA 21:14	Renumber verse
1SA 21:16	1SA 21:15	Renumber verse
1SA 21:2	1SA 21:1	Renumber verse
1SA 21:3	1SA 21:2	Renumber verse
1SA 21:4	1SA 21:3	Renumber verse
1SA 21:5	1SA 21:4	Renumber verse
1SA 21:6	1SA 21:5	Renumber verse
1SA 21:7	1SA 21:6	Renumber verse
1SA 21:8	1SA 21:7	Renumber verse
1SA 21:9	1SA 21:8	Renumber verse
1SA 24:1	1SA 23:29	Renumber verse
1SA 24:10	1SA 24:9	Renumber verse
1SA 24:11	1SA 24:10	Renumber verse
1SA 24:12	1SA 24:11	Renumber verse
1SA 24:13	1SA 24:12	Renumber verse
1SA 24:14	1SA 24:13	Renumber verse
1SA 24:15	1SA 24:14	Renumber verse
1SA 24:16	1SA 24:15	Renumber verse
1SA 24:17	1SA 24:16	Renumber verse
1SA 24:18	1SA 24:17	Renumber verse
1SA 24:19	1SA 24:18	Renumber verse
1SA 24:2	1SA 24:1	Renumber verse
1SA 24:20	1SA 24:19	Renumber verse
1SA 24:21	1SA 24:20	Renumber verse
1SA 24:22	1SA 24:21	Renumber verse
1SA 24:23	1SA 24:22	Renumber verse
1SA 24:3	1SA 24:2	Renumber verse
1SA 24:4	1SA 24:3	Renumber verse
1SA 24:5	1SA 24:4	Renumber verse
1SA 24:6	1SA 24:5	Renumber verse
1SA 24:7	1SA 24:6	Renumber verse
1SA 24:8	1SA 24:7	Renumber verse
1SA 24:9	1SA 24:8	Renumber verse
2CH 13:23	2CH 14:1	Renumber verse
2CH 14:1	2CH 14:2	Renumber verse
2CH 14:10	2CH 14:11	Renumber verse
2CH 14:11	2CH 14:12	Renumber verse
2CH 14:12	2CH 14:13	Renumber verse
2CH 14:13	2CH 14:14	Renumber verse
2CH 14:14	2CH 14:15	Renumber verse
2CH 14:2	2CH 14:3	Renumber verse
2CH 14:3	2CH 14:4	Renumber verse
2CH 14:4	2CH 14:5	Renumber verse
2CH 14:5	2CH 14:6	Renumber verse
2CH 14:6	2CH 14:7	Renumber verse
2CH 14:7	2CH 14:8	Renumber verse
2CH 14:8	2CH 14:9	Renumber verse
2CH 14:9	2CH 14:10	Renumber verse
2CH 1:18	2CH 2:1	Renumber verse
2CH 2:1	2CH 2:2	Renumber verse
2CH 2:10	2CH 2:11	Renumber verse
2CH 2:11	2CH 2:12	Renumber verse
2CH 2:12	2CH 2:13	Renumber verse
2CH 2:13	2CH 2:14	Renumber verse
2CH 2:14	2CH 2:15	Renumber verse
2CH 2:15	2CH 2:16	Renumber verse
2CH 2:16	2CH 2:17	Renumber verse
2CH 2:17	2CH 2:18	Renumber verse
2CH 2:2	2CH 2:3	Renumber verse
2CH 2:3	2CH 2:4	Renumber verse
2CH 2:4	2CH 2:5	Renumber verse
2CH 2:5	2CH 2:6	Renumber verse
2CH 2:6	2CH 2:7	Renumber verse
2CH 2:7	2CH 2:8	Renumber verse
2CH 2:8	2CH 2:9	Renumber verse
2CH 2:9	2CH 2:10	Renumber verse
2KI 12:1	2KI 11:21	Renumber verse
2KI 12:10	2KI 12:9	Renumber verse
2KI 12:11	2KI 12:10	Renumber verse
2KI 12:12	2KI 12:11	Renumber verse
2KI 12:13	2KI 12:12	Renumber verse
2KI 12:14	2KI 12:13	Renumber verse
2KI 12:15	2KI 12:14	Renumber verse
2KI 12:16	2KI 12:15	Renumber verse
2KI 12:17	2KI 12:16	Renumber verse
2KI 12:18	2KI 12:17	Renumber verse
2KI 12:19	2KI 12:18	Renumber verse
2KI 12:2	2KI 12:1	Renumber verse
2KI 12:20	2KI 12:19	Renumber verse
2KI 12:21	2KI 12:20	Renumber verse
2KI 12:22	2KI 12:21	Renumber verse
2KI 12:3	2KI 12:2	Renumber verse
2KI 12:4	2KI 12:3	Renumber verse
2KI 12:5	2KI 12:4	Renumber verse
2KI 12:6	2KI 12:5	Renumber verse
2KI 12:7	2KI 12:6	Renumber verse
2KI 12:8	2KI 12:7	Renumber verse
2KI 12:9	2KI 12:8	Renumber verse
2SA 19:1	2SA 18:33	Renumber verse
2SA 19:10	2SA 19:9	Renumber verse
2SA 19:11	2SA 19:10	Renumber verse
2SA 19:12	2SA 19:11	Renumber verse
2SA 19:13	2SA 19:12	Renumber verse
2SA 19:14	2SA 19:13	Renumber verse
2SA 19:15	2SA 19:14	Renumber verse
2SA 19:16	2SA 19:15	Renumber verse
2SA 19:17	2SA 19:16	Renumber verse
2SA 19:18	2SA 19:17	Renumber verse
2SA 19:19	2SA 19:18	Renumber verse
2SA 19:2	2SA 19:1	Renumber verse
2SA 19:20	2SA 19:19	Renumber verse
2SA 19:21	2SA 19:20	Renumber verse
2SA 19:22	2SA 19:21	Renumber verse
2SA 19:23	2SA 19:22	Renumber verse
2SA 19:24	2SA 19:23	Renumber verse
2SA 19:25	2SA 19:24	Renumber verse
2SA 19:26	2SA 19:25	Renumber verse
2SA 19:27	2SA 19:26	Renumber verse
2SA 19:28	2SA 19:27	Renumber verse
2SA 19:29	2SA 19:28	Renumber verse
2SA 19:3	2SA 19:2	Renumber verse
2SA 19:30	2SA 19:29	Renumber verse
2SA 19:31	2SA 19:30	Renumber verse
2SA 19:32	2SA 19:31	Renumber verse
2SA 19:33	2SA 19:32	Renumber verse
2SA 19:34	2SA 19:33	Renumber verse
2SA 19:35	2SA 19:34	Renumber verse
2SA 19:36	2SA 19:35	Renumber verse
2SA 19:37	2SA 19:36	Renumber verse
2SA 19:38	2SA 19:37	Renumber verse
2SA 19:39	2SA 19:38	Renumber verse
2SA 19:4	2SA 19:3	Renumber verse
2SA 19:40	2SA 19:39	Renumber verse
2SA 19:41	2SA 19:40	Renumber verse
2SA 19:42	2SA 19:41	Renumber verse
2SA 19:43	2SA 19:42	Renumber verse
2SA 19:44	2SA 19:43	Renumber verse
2SA 19:5	2SA 19:4	Renumber verse
2SA 19:6	2SA 19:5	Renumber verse
2SA 19:7	2SA 19:6	Renumber verse
2SA 19:8	2SA 19:7	Renumber verse
2SA 19:9	2SA 19:8	Renumber verse
DAN 3:31	DAN 4:1	Renumber verse
DAN 3:32	DAN 4:2	Renumber verse
DAN 3:33	DAN 4:3	Renumber verse
DAN 4:1	DAN 4:4	Renumber verse
DAN 4:10	DAN 4:13	Renumber verse
DAN 4:11	DAN 4:14	Renumber verse
DAN 4:12	DAN 4:15	Renumber verse
DAN 4:13	DAN 4:16	Renumber verse
DAN 4:14	DAN 4:17	Renumber verse
DAN 4:15	DAN 4:18	Renumber verse
DAN 4:16	DAN 4:19	Renumber verse
DAN 4:17	DAN 4:20	Renumber verse
DAN 4:18	DAN 4:21	Renumber verse
DAN 4:19	DAN 4:22	Renumber verse
DAN 4:2	DAN 4:5	Renumber verse
DAN 4:20	DAN 4:23	Renumber verse
DAN 4:21	DAN 4:24	Renumber verse
DAN 4:22	DAN 4:25	Renumber verse
DAN 4:23	DAN 4:26	Renumber verse
DAN 4:24	DAN 4:27	Renumber verse
DAN 4:25	DAN 4:28	Renumber verse
DAN 4:26	DAN 4:29	Renumber verse
DAN 4:27	DAN 4:30	Renumber verse
DAN 4:28	DAN 4:31	Renumber verse
DAN 4:29	DAN 4:32	Renumber verse
DAN 4:3	DAN 4:6	Renumber verse
DAN 4:30	DAN 4:33	Renumber verse
DAN 4:31	DAN 4:34	Renumber verse
DAN 4:32	DAN 4:35	Renumber verse
DAN 4:33	DAN 4:36	Renumber verse
DAN 4:34	DAN 4:37	Renumber verse
DAN 4:4	DAN 4:7	Renumber verse
DAN 4:5	DAN 4:8	Renumber verse
DAN 4:6	DAN 4:9	Renumber verse
DAN 4:7	DAN 4:10	Renumber verse
DAN 4:8	DAN 4:11	Renumber verse
DAN 4:9	DAN 4:12	Renumber verse
DAN 6:1	DAN 5:31	Renumber verse
DAN 6:10	DAN 6:9	Renumber verse
DAN 6:11	DAN 6:10	Renumber verse
DAN 6:12	DAN 6:11	Renumber verse
DAN 6:13	DAN 6:12	Renumber verse
DAN 6:14	DAN 6:13	Renumber verse
DAN 6:15	DAN 6:14	Renumber verse
DAN 6:16	DAN 6:15	Renumber verse
DAN 6:17	DAN 6:16	Renumber verse
DAN 6:18	DAN 6:17	Renumber verse
DAN 6:19	DAN 6:18	Renumber verse
DAN 6:2	DAN 6:1	Renumber verse
DAN 6:20	DAN 6:19	Renumber verse
DAN 6:21	DAN 6:20	Renumber verse
DAN 6:22	DAN 6:21	Renumber verse
DAN 6:23	DAN 6:22	Renumber verse
DAN 6:24	DAN 6:23	Renumber verse
DAN 6:25	DAN 6:24	Renumber verse
DAN 6:26	DAN 6:25	Renumber verse
DAN 6:27	DAN 6:26	Renumber verse
DAN 6:28	DAN 6:27	Renumber verse
DAN 6:29	DAN 6:28	Renumber verse
DAN 6:3	DAN 6:2	Renumber verse
DAN 6:4	DAN 6:3	Renumber verse
DAN 6:5	DAN 6:4	Renumber verse
DAN 6:6	DAN 6:5	Renumber verse
DAN 6:7	DAN 6:6	Renumber verse
DAN 6:8	DAN 6:7	Renumber verse
DAN 6:9	DAN 6:8	Renumber verse
DEU 13:1	DEU 12:32	Renumber verse
DEU 13:10	DEU 13:9	Renumber verse
DEU 13:11	DEU 13:10	Renumber verse
DEU 13:12	DEU 13:11	Renumber verse
DEU 13:13	DEU 13:12	Renumber verse
DEU 13:14	DEU 13:13	Renumber verse
DEU 13:15	DEU 13:14	Renumber verse
DEU 13:16	DEU 13:15	Renumber verse
DEU 13:17	DEU 13:16	Renumber verse
DEU 13:18	DEU 13:17	Renumber verse
DEU 13:19	DEU 13:18	Renumber verse
DEU 13:2	DEU 13:1	Renumber verse
DEU 13:3	DEU 13:2	Renumber verse
DEU 13:4	DEU 13:3	Renumber verse
DEU 13:5	DEU 13:4	Renumber verse
DEU 13:6	DEU 13:5	Renumber verse
DEU 13:7	DEU 13:6	Renumber verse
DEU 13:8	DEU 13:7	Renumber verse
DEU 13:9	DEU 13:8	Renumber verse
DEU 23:1	DEU 22:30	Renumber verse
DEU 23:10	DEU 23:9	Renumber verse
DEU 23:11	DEU 23:10	Renumber verse
DEU 23:12	DEU 23:11	Renumber verse
DEU 23:13	DEU 23:12	Renumber verse
DEU 23:14	DEU 23:13	Renumber verse
DEU 23:15	DEU 23:14	Renumber verse
DEU 23:16	DEU 23:15	Renumber verse
DEU 23:17	DEU 23:16	Renumber verse
DEU 23:18	DEU 23:17	Renumber verse
DEU 23:19	DEU 23:18	Renumber verse
DEU 23:2	DEU 23:1	Renumber verse
DEU 23:20	DEU 23:19	Renumber verse
DEU 23:21	DEU 23:20	Renumber verse
DEU 23:22	DEU 23:21	Renumber verse
DEU 23:23	DEU 23:22	Renumber verse
DEU 23:24	DEU 23:23	Renumber verse
DEU 23:25	DEU 23:24	Renumber verse
DEU 23:26	DEU 23:25	Renumber verse
DEU 23:3	DEU 23:2	Renumber verse
DEU 23:4	DEU 23:3	Renumber verse
DEU 23:5	DEU 23:4	Renumber verse
DEU 23:6	DEU 23:5	Renumber verse
DEU 23:7	DEU 23:6	Renumber verse
DEU 23:8	DEU 23:7	Renumber verse
DEU 23:9	DEU 23:8	Renumber verse
DEU 28:69	DEU 29:1	Renumber verse
DEU 29:1	DEU 29:2	Renumber verse
DEU 29:10	DEU 29:11	Renumber verse
DEU 29:11	DEU 29:12	Renumber verse
DEU 29:12	DEU 29:13	Renumber verse
DEU 29:13	DEU 29:14	Renumber verse
DEU 29:14	DEU 29:15	Renumber verse
DEU 29:15	DEU 29:16	Renumber verse
DEU 29:16	DEU 29:17	Renumber verse
DEU 29:17	DEU 29:18	Renumber verse
DEU 29:18	DEU 29:19	Renumber verse
DEU 29:19	DEU 29:20	Renumber verse
DEU 29:2	DEU 29:3	Renumber verse
DEU 29:20	DEU 29:21	Renumber verse
DEU 29:21	DEU 29:22	Renumber verse
DEU 29:22	DEU 29:23	Renumber verse
DEU 29:23	DEU 29:24	Renumber verse
DEU 29:24	DEU 29:25	Renumber verse
DEU 29:25	DEU 29:26	Renumber verse
DEU 29:26	DEU 29:27	Renumber verse
DEU 29:27	DEU 29:28	Renumber verse
DEU 29:28	DEU 29:29	Renumber verse
DEU 29:3	DEU 29:4	Renumber verse
DEU 29:4	DEU 29:5	Renumber verse
DEU 29:5	DEU 29:6	Renumber verse
DEU 29:6	DEU 29:7	Renumber verse
DEU 29:7	DEU 29:8	Renumber verse
DEU 29:8	DEU 29:9	Renumber verse
DEU 29:9	DEU 29:10	Renumber verse
ECC 4:17	ECC 5:1	Renumber verse
ECC 5:1	ECC 5:2	Renumber verse
ECC 5:10	ECC 5:11	Renumber verse
ECC 5:11	ECC 5:12	Renumber verse
ECC 5:12	ECC 5:13	Renumber verse
ECC 5:13	ECC 5:14	Renumber verse
ECC 5:14	ECC 5:15	Renumber verse
ECC 5:15	ECC 5:16	Renumber verse
ECC 5:16	ECC 5:17	Renumber verse
ECC 5:17	ECC 5:18	Renumber verse
ECC 5:18	ECC 5:19	Renumber verse
ECC 5:19	ECC 5:20	Renumber verse
ECC 5:2	ECC 5:3	Renumber verse
ECC 5:3	ECC 5:4	Renumber verse
ECC 5:4	ECC 5:5	Renumber verse
ECC 5:5	ECC 5:6	Renumber verse
ECC 5:6	ECC 5:7	Renumber verse
ECC 5:7	ECC 5:8	Renumber verse
ECC 5:8	ECC 5:9	Renumber verse
ECC 5:9	ECC 5:10	Renumber verse
EXO 21:37	EXO 22:1	Renumber verse
EXO 22:1	EXO 22:2	Renumber verse
EXO 22:10	EXO 22:11	Renumber verse
EXO 22:11	EXO 22:12	Renumber verse
EXO 22:12	EXO 22:13	Renumber verse
EXO 22:13	EXO 22:14	Renumber verse
EXO 22:14	EXO 22:15	Renumber verse
EXO 22:15	EXO 22:16	Renumber verse
EXO 22:16	EXO 22:17	Renumber verse
EXO 22:17	EXO 22:18	Renumber verse
EXO 22:18	EXO 22:19	Renumber verse
EXO 22:19	EXO 22:20	Renumber verse
EXO 22:2	EXO 22:3	Renumber verse
EXO 22:20	EXO 22:21	Renumber verse
EXO 22:21	EXO 22:22	Renumber verse
EXO 22:22	EXO 22:23	Renumber verse
EXO 22:23	EXO 22:24	Renumber verse
EXO 22:24	EXO 22:25	Renumber verse
EXO 22:25	EXO 22:26	Renumber verse
EXO 22:26	EXO 22:27	Renumber verse
EXO 22:27	EXO 22:28	Renumber verse
EXO 22:28	EXO 22:29	Renumber verse
EXO 22:29	EXO 22:30	Renumber verse
EXO 22:3	EXO 22:4	Renumber verse
EXO 22:30	EXO 22:31	Renumber verse
EXO 22:4	EXO 22:5	Renumber verse
EXO 22:5	EXO 22:6	Renumber verse
EXO 22:6	EXO 22:7	Renumber verse
EXO 22:7	EXO 22:8	Renumber verse
EXO 22:8	EXO 22:9	Renumber verse
EXO 22:9	EXO 22:10	Renumber verse
EXO 7:26	EXO 8:1	Renumber verse
EXO 7:27	EXO 8:2	Renumber verse
EXO 7:28	EXO 8:3	Renumber verse
EXO 7:29	EXO 8:4	Renumber verse
EXO 8:1	EXO 8:5	Renumber verse
EXO 8:10	EXO 8:14	Renumber verse
EXO 8:11	EXO 8:15	Renumber verse
EXO 8:12	EXO 8:16	Renumber verse
EXO 8:13	EXO 8:17	Renumber verse
EXO 8:14	EXO 8:18	Renumber verse
EXO 8:15	EXO 8:19	Renumber verse
EXO 8:16	EXO 8:20	Renumber verse
EXO 8:17	EXO 8:21	Renumber verse
EXO 8:18	EXO 8:22	Renumber verse
EXO 8:19	EXO 8:23	Renumber verse
EXO 8:2	EXO 8:6	Renumber verse
EXO 8:20	EXO 8:24	Renumber verse
EXO 8:21	EXO 8:25	Renumber verse
EXO 8:22	EXO 8:26	Renumber verse
EXO 8:23	EXO 8:27	Renumber verse
EXO 8:24	EXO 8:28	Renumber verse
EXO 8:25	EXO 8:29	Renumber verse
EXO 8:26	EXO 8:30	Renumber verse
EXO 8:27	EXO 8:31	Renumber verse
EXO 8:28	EXO 8:32	Renumber verse
EXO 8:3	EXO 8:7	Renumber verse
EXO 8:4	EXO 8:8	Renumber verse
EXO 8:5	EXO 8:9	Renumber verse
EXO 8:6	EXO 8:10	Renumber verse
EXO 8:7	EXO 8:11	Renumber verse
EXO 8:8	EXO 8:12	Renumber verse
EXO 8:9	EXO 8:13	Renumber verse
EZK 21:1	EZK 20:45	Renumber verse
EZK 21:10	EZK 21:5	Renumber verse
EZK 21:11	EZK 21:6	Renumber verse
EZK 21:12	EZK 21:7	Renumber verse
EZK 21:13	EZK 21:8	Renumber verse
EZK 21:14	EZK 21:9	Renumber verse
EZK 21:15	EZK 21:10	Renumber verse
EZK 21:16	EZK 21:11	Renumber verse
EZK 21:17	EZK 21:12	Renumber verse
EZK 21:18	EZK 21:13	Renumber verse
EZK 21:19	EZK 21:14	Renumber verse
EZK 21:2	EZK 20:46	Renumber verse
EZK 21:20	EZK 21:15	Renumber verse
EZK 21:21	EZK 21:16	Renumber verse
EZK 21:22	EZK 21:17	Renumber verse
EZK 21:23	EZK 21:18	Renumber verse
EZK 21:24	EZK 21:19	Renumber verse
EZK 21:25	EZK 21:20	Renumber verse
EZK 21:26	EZK 21:21	Renumber verse
EZK 21:27	EZK 21:22	Renumber verse
EZK 21:28	EZK 21:23	Renumber verse
EZK 21:29	EZK 21:24	Renumber verse
EZK 21:3	EZK 20:47	Renumber verse
EZK 21:30	EZK 21:25	Renumber verse
EZK 21:31	EZK 21:26	Renumber verse
EZK 21:32	EZK 21:27	Renumber verse
EZK 21:33	EZK 21:28	Renumber verse
EZK 21:34	EZK 21:29	Renumber verse
EZK 21:35	EZK 21:30	Renumber verse
EZK 21:36	EZK 21:31	Renumber verse
EZK 21:37	EZK 21:32	Renumber verse
EZK 21:4	EZK 20:48	Renumber verse
EZK 21:5	EZK 20:49	Renumber verse
EZK 21:6	EZK 21:1	Renumber verse
EZK 21:7	EZK 21:2	Renumber verse
EZK 21:8	EZK 21:3	Renumber verse
EZK 21:9	EZK 21:4	Renumber verse
GEN 32:1	GEN 31:55	Renumber verse
GEN 32:10	GEN 32:9	Renumber verse
GEN 32:11	GEN 32:10	Renumber verse
GEN 32:12	GEN 32:11	Renumber verse
GEN 32:13	GEN 32:12	Renumber verse
GEN 32:14	GEN 32:13	Renumber verse
GEN 32:15	GEN 32:14	Renumber verse
GEN 32:16	GEN 32:15	Renumber verse
GEN 32:17	GEN 32:16	Renumber verse
GEN 32:18	GEN 32:17	Renumber verse
GEN 32:19	GEN 32:18	Renumber verse
GEN 32:2	GEN 32:1	Renumber verse
GEN 32:20	GEN 32:19	Renumber verse
GEN 32:21	GEN 32:20	Renumber verse
GEN 32:22	GEN 32:21	Renumber verse
GEN 32:23	GEN 32:22	Renumber verse
GEN 32:24	GEN 32:23	Renumber verse
GEN 32:25	GEN 32:24	Renumber verse
GEN 32:26	GEN 32:25	Renumber verse
GEN 32:27	GEN 32:26	Renumber verse
GEN 32:28	GEN 32:27	Renumber verse
GEN 32:29	GEN 32:28	Renumber verse
GEN 32:3	GEN 32:2	Renumber verse
GEN 32:30	GEN 32:29	Renumber verse
GEN 32:31	GEN 32:30	Renumber verse
GEN 32:32	GEN 32:31	Renumber verse
GEN 32:33	GEN 32:32	Renumber verse
GEN 32:4	GEN 32:3	Renumber verse
GEN 32:5	GEN 32:4	Renumber verse
GEN 32:6	GEN 32:5	Renumber verse
GEN 32:7	GEN 32:6	Renumber verse
GEN 32:8	GEN 32:7	Renumber verse
GEN 32:9	GEN 32:8	Renumber verse
HOS 12:1	HOS 11:12	Renumber verse
HOS 12:10	HOS 12:9	Renumber verse
HOS 12:11	HOS 12:10	Renumber verse
HOS 12:12	HOS 12:11	Renumber verse
HOS 12:13	HOS 12:12	Renumber verse
HOS 12:14	HOS 12:13	Renumber verse
HOS 12:15	HOS 12:14	Renumber verse
HOS 12:2	HOS 12:1	Renumber verse
HOS 12:3	HOS 12:2	Renumber verse
HOS 12:4	HOS 12:3	Renumber verse
HOS 12:5	HOS 12:4	Renumber verse
HOS 12:6	HOS 12:5	Renumber verse
HOS 12:7	HOS 12:6	Renumber verse
HOS 12:8	HOS 12:7	Renumber verse
HOS 12:9	HOS 12:8	Renumber verse
HOS 14:1	HOS 13:16	Renumber verse
HOS 14:10	HOS 14:9	Renumber verse
HOS 14:2	HOS 14:1	Renumber verse
HOS 14:3	HOS 14:2	Renumber verse
HOS 14:4	HOS 14:3	Renumber verse
HOS 14:5	HOS 14:4	Renumber verse
HOS 14:6	HOS 14:5	Renumber verse
HOS 14:7	HOS 14:6	Renumber verse
HOS 14:8	HOS 14:7	Renumber verse
HOS 14:9	HOS 14:8	Renumber verse
HOS 2:1	HOS 1:10	Renumber verse
HOS 2:10	HOS 2:8	Renumber verse
HOS 2:11	HOS 2:9	Renumber verse
HOS 2:12	HOS 2:10	Renumber verse
HOS 2:13	HOS 2:11	Renumber verse
HOS 2:14	HOS 2:12	Renumber verse
HOS 2:15	HOS 2:13	Renumber verse
HOS 2:16	HOS 2:14	Renumber verse
HOS 2:17	HOS 2:15	Renumber verse
HOS 2:18	HOS 2:16	Renumber verse
HOS 2:19	HOS 2:17	Renumber verse
HOS 2:2	HOS 1:11	Renumber verse
HOS 2:20	HOS 2:18	Renumber verse
HOS 2:21	HOS 2:19	Renumber verse
HOS 2:22	HOS 2:20	Renumber verse
HOS 2:23	HOS 2:21	Renumber verse
HOS 2:24	HOS 2:22	Renumber verse
HOS 2:25	HOS 2:23	Renumber verse
HOS 2:3	HOS 2:1	Renumber verse
HOS 2:4	HOS 2:2	Renumber verse
HOS 2:5	HOS 2:3	Renumber verse
HOS 2:6	HOS 2:4	Renumber verse
HOS 2:7	HOS 2:5	Renumber verse
HOS 2:8	HOS 2:6	Renumber verse
HOS 2:9	HOS 2:7	Renumber verse
ISA 64:1	ISA 64:2	Renumber verse
ISA 64:10	ISA 64:11	Renumber verse
ISA 64:11	ISA 64:12	Renumber verse
ISA 64:2	ISA 64:3	Renumber verse
ISA 64:3	ISA 64:4	Renumber verse
ISA 64:4	ISA 64:5	Renumber verse
ISA 64:5	ISA 64:6	Renumber verse
ISA 64:6	ISA 64:7	Renumber verse
ISA 64:7	ISA 64:8	Renumber verse
ISA 64:8	ISA 64:9	Renumber verse
ISA 64:9	ISA 64:10	Renumber verse
ISA 8:23	ISA 9:1	Renumber verse
ISA 9:1	ISA 9:2	Renumber verse
ISA 9:10	ISA 9:11	Renumber verse
ISA 9:11	ISA 9:12	Renumber verse
ISA 9:12	ISA 9:13	Renumber verse
ISA 9:13	ISA 9:14	Renumber verse
ISA 9:14	ISA 9:15	Renumber verse
ISA 9:15	ISA 9:16	Renumber verse
ISA 9:16	ISA 9:17	Renumber verse
ISA 9:17	ISA 9:18	Renumber verse
ISA 9:18	ISA 9:19	Renumber verse
ISA 9:19	ISA 9:20	Renumber verse
ISA 9:2	ISA 9:3	Renumber verse
ISA 9:20	ISA 9:21	Renumber verse
ISA 9:3	ISA 9:4	Renumber verse
ISA 9:4	ISA 9:5	Renumber verse
ISA 9:5	ISA 9:6	Renumber verse
ISA 9:6	ISA 9:7	Renumber verse
ISA 9:7	ISA 9:8	Renumber verse
ISA 9:8	ISA 9:9	Renumber verse
ISA 9:9	ISA 9:10	Renumber verse
JER 8:23	JER 9:1	Renumber verse
JER 9:1	JER 9:2	Renumber verse
JER 9:10	JER 9:11	Renumber verse
JER 9:11	JER 9:12	Renumber verse
JER 9:12	JER 9:13	Renumber verse
JER 9:13	JER 9:14	Renumber verse
JER 9:14	JER 9:15	Renumber verse
JER 9:15	JER 9:16	Renumber verse
JER 9:16	JER 9:17	Renumber verse
JER 9:17	JER 9:18	Renumber verse
JER 9:18	JER 9:19	Renumber verse
JER 9:19	JER 9:20	Renumber verse
JER 9:2	JER 9:3	Renumber verse
JER 9:20	JER 9:21	Renumber verse
JER 9:21	JER 9:22	Renumber verse
JER 9:22	JER 9:23	Renumber verse
JER 9:23	JER 9:24	Renumber verse
JER 9:24	JER 9:25	Renumber verse
JER 9:25	JER 9:26	Renumber verse
JER 9:3	JER 9:4	Renumber verse
JER 9:4	JER 9:5	Renumber verse
JER 9:5	JER 9:6	Renumber verse
JER 9:6	JER 9:7	Renumber verse
JER 9:7	JER 9:8	Renumber verse
JER 9:8	JER 9:9	Renumber verse
JER 9:9	JER 9:10	Renumber verse
JOB 40:25	JOB 41:1	Renumber verse
JOB 40:26	JOB 41:2	Renumber verse
JOB 40:27	JOB 41:3	Renumber verse
JOB 40:28	JOB 41:4	Renumber verse
JOB 40:29	JOB 41:5	Renumber verse
JOB 40:30	JOB 41:6	Renumber verse
JOB 40:31	JOB 41:7	Renumber verse
JOB 40:32	JOB 41:8	Renumber verse
JOB 41:1	JOB 41:9	Renumber verse
JOB 41:10	JOB 41:18	Renumber verse
JOB 41:11	JOB 41:19	Renumber verse
JOB 41:12	JOB 41:20	Renumber verse
JOB 41:13	JOB 41:21	Renumber verse
JOB 41:14	JOB 41:22	Renumber verse
JOB 41:15	JOB 41:23	Renumber verse
JOB 41:16	JOB 41:24	Renumber verse
JOB 41:17	JOB 41:25	Renumber verse
JOB 41:18	JOB 41:26	Renumber verse
JOB 41:19	JOB 41:27	Renumber verse
JOB 41:2	JOB 41:10	Renumber verse
JOB 41:20	JOB 41:28	Renumber verse
JOB 41:21	JOB 41:29	Renumber verse
JOB 41:22	JOB 41:30	Renumber verse
JOB 41:23	JOB 41:31	Renumber verse
JOB 41:24	JOB 41:32	Renumber verse
JOB 41:25	JOB 41:33	Renumber verse
JOB 41:26	JOB 41:34	Renumber verse
JOB 41:3	JOB 41:11	Renumber verse
JOB 41:4	JOB 41:12	Renumber verse
JOB 41:5	JOB 41:13	Renumber verse
JOB 41:6	JOB 41:14	Renumber verse
JOB 41:7	JOB 41:15	Renumber verse
JOB 41:8	JOB 41:16	Renumber verse
JOB 41:9	JOB 41:17	Renumber verse
JOL 3:1	JOL 2:28	Renumber verse
JOL 3:2	JOL 2:29	Renumber verse
JOL 3:3	JOL 2:30	Renumber verse
JOL 3:4	JOL 2:31	Renumber verse
JOL 3:5	JOL 2:32	Renumber verse
JOL 4:1	JOL 3:1	Renumber verse
JOL 4:10	JOL 3:10	Renumber verse
JOL 4:11	JOL 3:11	Renumber verse
JOL 4:12	JOL 3:12	Renumber verse
JOL 4:13	JOL 3:13	Renumber verse
JOL 4:14	JOL 3:14	Renumber verse
JOL 4:15	JOL 3:15	Renumber verse
JOL 4:16	JOL 3:16	Renumber verse
JOL 4:17	JOL 3:17	Renumber verse
JOL 4:18	JOL 3:18	Renumber verse
JOL 4:19	JOL 3:19	Renumber verse
JOL 4:2	JOL 3:2	Renumber verse
JOL 4:20	JOL 3:20	Renumber verse
JOL 4:21	JOL 3:21	Renumber verse
JOL 4:3	JOL 3:3	Renumber verse
JOL 4:4	JOL 3:4	Renumber verse
JOL 4:5	JOL 3:5	Renumber verse
JOL 4:6	JOL 3:6	Renumber verse
JOL 4:7	JOL 3:7	Renumber verse
JOL 4:8	JOL 3:8	Renumber verse
JOL 4:9	JOL 3:9	Renumber verse
JON 2:1	JON 1:17	Renumber verse
JON 2:10	JON 2:9	Renumber verse
JON 2:11	JON 2:10	Renumber verse
JON 2:2	JON 2:1	Renumber verse
JON 2:3	JON 2:2	Renumber verse
JON 2:4	JON 2:3	Renumber verse
JON 2:5	JON 2:4	Renumber verse
JON 2:6	JON 2:5	Renumber verse
JON 2:7	JON 2:6	Renumber verse
JON 2:8	JON 2:7	Renumber verse
JON 2:9	JON 2:8	Renumber verse
LEV 5:20	LEV 6:1	Renumber verse
LEV 5:21	LEV 6:2	Renumber verse
LEV 5:22	LEV 6:3	Renumber verse
LEV 5:23	LEV 6:4	Renumber verse
LEV 5:24	LEV 6:5	Renumber verse
LEV 5:25	LEV 6:6	Renumber verse
LEV 5:26	LEV 6:7	Renumber verse
LEV 6:1	LEV 6:8	Renumber verse
LEV 6:10	LEV 6:17	Renumber verse
LEV 6:11	LEV 6:18	Renumber verse
LEV 6:12	LEV 6:19	Renumber verse
LEV 6:13	LEV 6:20	Renumber verse
LEV 6:14	LEV 6:21	Renumber verse
LEV 6:15	LEV 6:22	Renumber verse
LEV 6:16	LEV 6:23	Renumber verse
LEV 6:17	LEV 6:24	Renumber verse
LEV 6:18	LEV 6:25	Renumber verse
LEV 6:19	LEV 6:26	Renumber verse
LEV 6:2	LEV 6:9	Renumber verse
LEV 6:20	LEV 6:27	Renumber verse
LEV 6:21	LEV 6:28	Renumber verse
LEV 6:22	LEV 6:29	Renumber verse
LEV 6:23	LEV 6:30	Renumber verse
LEV 6:3	LEV 6:10	Renumber verse
LEV 6:4	LEV 6:11	Renumber verse
LEV 6:5	LEV 6:12	Renumber verse
LEV 6:6	LEV 6:13	Renumber verse
LEV 6:7	LEV 6:14	Renumber verse
LEV 6:8	LEV 6:15	Renumber verse
LEV 6:9	LEV 6:16	Renumber verse
MAL 3:19	MAL 4:1	Renumber verse
MAL 3:20	MAL 4:2	Renumber verse
MAL 3:21	MAL 4:3	Renumber verse
MAL 3:22	MAL 4:4	Renumber verse
MAL 3:23	MAL 4:5	Renumber verse
MAL 3:24	MAL 4:6	Renumber verse
MIC 4:14	MIC 5:1	Renumber verse
MIC 5:1	MIC 5:2	Renumber verse
MIC 5:10	MIC 5:11	Renumber verse
MIC 5:11	MIC 5:12	Renumber verse
MIC 5:12	MIC 5:13	Renumber verse
MIC 5:13	MIC 5:14	Renumber verse
MIC 5:14	MIC 5:15	Renumber verse
MIC 5:2	MIC 5:3	Renumber verse
MIC 5:3	MIC 5:4	Renumber verse
MIC 5:4	MIC 5:5	Renumber verse
MIC 5:5	MIC 5:6	Renumber verse
MIC 5:6	MIC 5:7	Renumber verse
MIC 5:7	MIC 5:8	Renumber verse
MIC 5:8	MIC 5:9	Renumber verse
MIC 5:9	MIC 5:10	Renumber verse
NAM 2:1	NAM 1:15	Renumber verse
NAM 2:10	NAM 2:9	Renumber verse
NAM 2:11	NAM 2:10	Renumber verse
NAM 2:12	NAM 2:11	Renumber verse
NAM 2:13	NAM 2:12	Renumber verse
NAM 2:14	NAM 2:13	Renumber verse
NAM 2:2	NAM 2:1	Renumber verse
NAM 2:3	NAM 2:2	Renumber verse
NAM 2:4	NAM 2:3	Renumber verse
NAM 2:5	NAM 2:4	Renumber verse
NAM 2:6	NAM 2:5	Renumber verse
NAM 2:7	NAM 2:6	Renumber verse
NAM 2:8	NAM 2:7	Renumber verse
NAM 2:9	NAM 2:8	Renumber verse
NEH 10:1	NEH 9:38	Renumber verse
NEH 10:10	NEH 10:9	Renumber verse
NEH 10:11	NEH 10:10	Renumber verse
NEH 10:12	NEH 10:11	Renumber verse
NEH 10:13	NEH 10:12	Renumber verse
NEH 10:14	NEH 10:13	Renumber verse
NEH 10:15	NEH 10:14	Renumber verse
NEH 10:16	NEH 10:15	Renumber verse
NEH 10:17	NEH 10:16	Renumber verse
NEH 10:18	NEH 10:17	Renumber verse
NEH 10:19	NEH 10:18	Renumber verse
NEH 10:2	NEH 10:1	Renumber verse
NEH 10:20	NEH 10:19	Renumber verse
NEH 10:21	NEH 10:20	Renumber verse
NEH 10:22	NEH 10:21	Renumber verse
NEH 10:23	NEH 10:22	Renumber verse
NEH 10:24	NEH 10:23	Renumber verse
NEH 10:25	NEH 10:24	Renumber verse
NEH 10:26	NEH 10:25	Renumber verse
NEH 10:27	NEH 10:26	Renumber verse
NEH 10:28	NEH 10:27	Renumber verse
NEH 10:29	NEH 10:28	Renumber verse
NEH 10:3	NEH 10:2	Renumber verse
NEH 10:30	NEH 10:29	Renumber verse
NEH 10:31	NEH 10:30	Renumber verse
NEH 10:32	NEH 10:31	Renumber verse
NEH 10:33	NEH 10:32	Renumber verse
NEH 10:34	NEH 10:33	Renumber verse
NEH 10:35	NEH 10:34	Renumber verse
NEH 10:36	NEH 10:35	Renumber verse
NEH 10:37	NEH 10:36	Renumber verse
NEH 10:38	NEH 10:37	Renumber verse
NEH 10:39	NEH 10:38	Renumber verse
NEH 10:4	NEH 10:3	Renumber verse
NEH 10:40	NEH 10:39	Renumber verse
NEH 10:5	NEH 10:4	Renumber verse
NEH 10:6	NEH 10:5	Renumber verse
NEH 10:7	NEH 10:6	Renumber verse
NEH 10:8	NEH 10:7	Renumber verse
NEH 10:9	NEH 10:8	Renumber verse
NEH 3:33	NEH 4:1	Renumber verse
NEH 3:34	NEH 4:2	Renumber verse
NEH 3:35	NEH 4:3	Renumber verse
NEH 3:36	NEH 4:4	Renumber verse
NEH 3:37	NEH 4:5	Renumber verse
NEH 3:38	NEH 4:6	Renumber verse
NEH 4:1	NEH 4:7	Renumber verse
NEH 4:10	NEH 4:16	Renumber verse
NEH 4:11	NEH 4:17	Renumber verse
NEH 4:12	NEH 4:18	Renumber verse
NEH 4:13	NEH 4:19	Renumber verse
NEH 4:14	NEH 4:20	Renumber verse
NEH 4:15	NEH 4:21	Renumber verse
NEH 4:16	NEH 4:22	Renumber verse
NEH 4:17	NEH 4:23	Renumber verse
NEH 4:2	NEH 4:8	Renumber verse
NEH 4:3	NEH 4:9	Renumber verse
NEH 4:4	NEH 4:10	Renumber verse
NEH 4:5	NEH 4:11	Renumber verse
NEH 4:6	NEH 4:12	Renumber verse
NEH 4:7	NEH 4:13	Renumber verse
NEH 4:8	NEH 4:14	Renumber verse
NEH 4:9	NEH 4:15	Renumber verse
NEH 7:68	NEH 7:69	Renumber verse
NEH 7:69	NEH 7:70	Renumber verse
NEH 7:70	NEH 7:71	Renumber verse
NEH 7:71	NEH 7:72	Renumber verse
NEH 7:72	NEH 7:73	Renumber verse
NUM 17:1	NUM 16:36	Renumber verse
NUM 17:10	NUM 16:45	Renumber verse
NUM 17:11	NUM 16:46	Renumber verse
NUM 17:12	NUM 16:47	Renumber verse
NUM 17:13	NUM 16:48	Renumber verse
NUM 17:14	NUM 16:49	Renumber verse
NUM 17:15	NUM 16:50	Renumber verse
NUM 17:16	NUM 17:1	Renumber verse
NUM 17:17	NUM 17:2	Renumber verse
NUM 17:18	NUM 17:3	Renumber verse
NUM 17:19	NUM 17:4	Renumber verse
NUM 17:2	NUM 16:37	Renumber verse
NUM 17:20	NUM 17:5	Renumber verse
NUM 17:21	NUM 17:6	Renumber verse
NUM 17:22	NUM 17:7	Renumber verse
NUM 17:23	NUM 17:8	Renumber verse
NUM 17:24	NUM 17:9	Renumber verse
NUM 17:25	NUM 17:10	Renumber verse
NUM 17:26	NUM 17:11	Renumber verse
NUM 17:27	NUM 17:12	Renumber verse
NUM 17:28	NUM 17:13	Renumber verse
NUM 17:3	NUM 16:38	Renumber verse
NUM 17:4	NUM 16:39	Renumber verse
NUM 17:5	NUM 16:40	Renumber verse
NUM 17:6	NUM 16:41	Renumber verse
NUM 17:7	NUM 16:42	Renumber verse
NUM 17:8	NUM 16:43	Renumber verse
NUM 17:9	NUM 16:44	Renumber verse
NUM 30:1	NUM 29:40	Renumber verse
NUM 30:10	NUM 30:9	Renumber verse
NUM 30:11	NUM 30:10	Renumber verse
NUM 30:12	NUM 30:11	Renumber verse
NUM 30:13	NUM 30:12	Renumber verse
NUM 30:14	NUM 30:13	Renumber verse
NUM 30:15	NUM 30:14	Renumber verse
NUM 30:16	NUM 30:15	Renumber verse
NUM 30:17	NUM 30:16	Renumber verse
NUM 30:2	NUM 30:1	Renumber verse
NUM 30:3	NUM 30:2	Renumber verse
NUM 30:4	NUM 30:3	Renumber verse
NUM 30:5	NUM 30:4	Renumber verse
NUM 30:6	NUM 30:5	Renumber verse
NUM 30:7	NUM 30:6	Renumber verse
NUM 30:8	NUM 30:7	Renumber verse
NUM 30:9	NUM 30:8	Renumber verse
PSA 102:1	PSA 102:title	Renumber title
PSA 102:10	PSA 102:9	Renumber verse
PSA 102:11	PSA 102:10	Renumber verse
PSA 102:12	PSA 102:11	Renumber verse
PSA 102:13	PSA 102:12	Renumber verse
PSA 102:14	PSA 102:13	Renumber verse
PSA 102:15	PSA 102:14	Renumber verse
PSA 102:16	PSA 102:15	Renumber verse
PSA 102:17	PSA 102:16	Renumber verse
PSA 102:18	PSA 102:17	Renumber verse
PSA 102:19	PSA 102:18	Renumber verse
PSA 102:2	PSA 102:1	Renumber verse
PSA 102:20	PSA 102:19	Renumber verse
PSA 102:21	PSA 102:20	Renumber verse
PSA 102:22	PSA 102:21	Renumber verse
PSA 102:23	PSA 102:22	Renumber verse
PSA 102:24	PSA 102:23	Renumber verse
PSA 102:25	PSA 102:24	Renumber verse
PSA 102:26	PSA 102:25	Renumber verse
PSA 102:27	PSA 102:26	Renumber verse
PSA 102:28	PSA 102:27	Renumber verse
PSA 102:29	PSA 102:28	Renumber verse
PSA 102:3	PSA 102:2	Renumber verse
PSA 102:4	PSA 102:3	Renumber verse
PSA 102:5	PSA 102:4	Renumber verse
PSA 102:6	PSA 102:5	Renumber verse
PSA 102:7	PSA 102:6	Renumber verse
PSA 102:8	PSA 102:7	Renumber verse
PSA 102:9	PSA 102:8	Renumber verse
PSA 108:1	PSA 108:title	Renumber title
PSA 108:10	PSA 108:9	Renumber verse
PSA 108:11	PSA 108:10	Renumber verse
PSA 108:12	PSA 108:11	Renumber verse
PSA 108:13	PSA 108:12	Renumber verse
PSA 108:14	PSA 108:13	Renumber verse
PSA 108:2	PSA 108:1	Renumber verse
PSA 108:3	PSA 108:2	Renumber verse
PSA 108:4	PSA 108:3	Renumber verse
PSA 108:5	PSA 108:4	Renumber verse
PSA 108:6	PSA 108:5	Renumber verse
PSA 108:7	PSA 108:6	Renumber verse
PSA 108:8	PSA 108:7	Renumber verse
PSA 108:9	PSA 108:8	Renumber verse
PSA 12:1	PSA 12:title	Renumber title
PSA 12:2	PSA 12:1	Renumber verse
PSA 12:3	PSA 12:2	Renumber verse
PSA 12:4	PSA 12:3	Renumber verse
PSA 12:5	PSA 12:4	Renumber verse
PSA 12:6	PSA 12:5	Renumber verse
PSA 12:7	PSA 12:6	Renumber verse
PSA 12:8	PSA 12:7	Renumber verse
PSA 12:9	PSA 12:8	Renumber verse
PSA 13:1	PSA 13:title	Renumber title
PSA 13:2	PSA 13:1	Renumber verse
PSA 13:3	PSA 13:2	Renumber verse
PSA 13:4	PSA 13:3	Renumber verse
PSA 13:5	PSA 13:4	Renumber verse
PSA 140:1	PSA 140:title	Renumber title
PSA 140:10	PSA 140:9	Renumber verse
PSA 140:11	PSA 140:10	Renumber verse
PSA 140:12	PSA 140:11	Renumber verse
PSA 140:13	PSA 140:12	Renumber verse
PSA 140:14	PSA 140:13	Renumber verse
PSA 140:2	PSA 140:1	Renumber verse
PSA 140:3	PSA 140:2	Renumber verse
PSA 140:4	PSA 140:3	Renumber verse
PSA 140:5	PSA 140:4	Renumber verse
PSA 140:6	PSA 140:5	Renumber verse
PSA 140:7	PSA 140:6	Renumber verse
PSA 140:8	PSA 140:7	Renumber verse
PSA 140:9	PSA 140:8	Renumber verse
PSA 142:1	PSA 142:title	Renumber title
PSA 142:2	PSA 142:1	Renumber verse
PSA 142:3	PSA 142:2	Renumber verse
PSA 142:4	PSA 142:3	Renumber verse
PSA 142:5	PSA 142:4	Renumber verse
PSA 142:6	PSA 142:5	Renumber verse
PSA 142:7	PSA 142:6	Renumber verse
PSA 142:8	PSA 142:7	Renumber verse
PSA 18:1	PSA 18:title	Renumber title
PSA 18:10	PSA 18:9	Renumber verse
PSA 18:11	PSA 18:10	Renumber verse
PSA 18:12	PSA 18:11	Renumber verse
PSA 18:13	PSA 18:12	Renumber verse
PSA 18:14	PSA 18:13	Renumber verse
PSA 18:15	PSA 18:14	Renumber verse
PSA 18:16	PSA 18:15	Renumber verse
PSA 18:17	PSA 18:16	Renumber verse
PSA 18:18	PSA 18:17	Renumber verse
PSA 18:19	PSA 18:18	Renumber verse
PSA 18:2	PSA 18:1	Renumber verse
PSA 18:20	PSA 18:19	Renumber verse
PSA 18:21	PSA 18:20	Renumber verse
PSA 18:22	PSA 18:21	Renumber verse
PSA 18:23	PSA 18:22	Renumber verse
PSA 18:24	PSA 18:23	Renumber verse
PSA 18:25	PSA 18:24	Renumber verse
PSA 18:26	PSA 18:25	Renumber verse
PSA 18:27	PSA 18:26	Renumber verse
PSA 18:28	PSA 18:27	Renumber verse
PSA 18:29	PSA 18:28	Renumber verse
PSA 18:3	PSA 18:2	Renumber verse
PSA 18:30	PSA 18:29	Renumber verse
PSA 18:31	PSA 18:30	Renumber verse
PSA 18:32	PSA 18:31	Renumber verse
PSA 18:33	PSA 18:32	Renumber verse
PSA 18:34	PSA 18:33	Renumber verse
PSA 18:35	PSA 18:34	Renumber verse
PSA 18:36	PSA 18:35	Renumber verse
PSA 18:37	PSA 18:36	Renumber verse
PSA 18:38	PSA 18:37	Renumber verse
PSA 18:39	PSA 18:38	Renumber verse
PSA 18:4	PSA 18:3	Renumber verse
PSA 18:40	PSA 18:39	Renumber verse
PSA 18:41	PSA 18:40	Renumber verse
PSA 18:42	PSA 18:41	Renumber verse
PSA 18:43	PSA 18:42	Renumber verse
PSA 18:44	PSA 18:43	Renumber verse
PSA 18:45	PSA 18:44	Renumber verse
PSA 18:46	PSA 18:45	Renumber verse
PSA 18:47	PSA 18:46	Renumber verse
PSA 18:48	PSA 18:47	Renumber verse
PSA 18:49	PSA 18:48	Renumber verse
PSA 18:5	PSA 18:4	Renumber verse
PSA 18:50	PSA 18:49	Renumber verse
PSA 18:51	PSA 18:50	Renumber verse
PSA 18:6	PSA 18:5	Renumber verse
PSA 18:7	PSA 18:6	Renumber verse
PSA 18:8	PSA 18:7	Renumber verse
PSA 18:9	PSA 18:8	Renumber verse
PSA 19:1	PSA 19:title	Renumber title
PSA 19:10	PSA 19:9	Renumber verse
PSA 19:11	PSA 19:10	Renumber verse
PSA 19:12	PSA 19:11	Renumber verse
PSA 19:13	PSA 19:12	Renumber verse
PSA 19:14	PSA 19:13	Renumber verse
PSA 19:15	PSA 19:14	Renumber verse
PSA 19:2	PSA 19:1	Renumber verse
PSA 19:3	PSA 19:2	Renumber verse
PSA 19:4	PSA 19:3	Renumber verse
PSA 19:5	PSA 19:4	Renumber verse
PSA 19:6	PSA 19:5	Renumber verse
PSA 19:7	PSA 19:6	Renumber verse
PSA 19:8	PSA 19:7	Renumber verse
PSA 19:9	PSA 19:8	Renumber verse
PSA 20:1	PSA 20:title	Renumber title
PSA 20:10	PSA 20:9	Renumber verse
PSA 20:2	PSA 20:1	Renumber verse
PSA 20:3	PSA 20:2	Renumber verse
PSA 20:4	PSA 20:3	Renumber verse
PSA 20:5	PSA 20:4	Renumber verse
PSA 20:6	PSA 20:5	Renumber verse
PSA 20:7	PSA 20:6	Renumber verse
PSA 20:8	PSA 20:7	Renumber verse
PSA 20:9	PSA 20:8	Renumber verse
PSA 21:1	PSA 21:title	Renumber title
PSA 21:10	PSA 21:9	Renumber verse
PSA 21:11	PSA 21:10	Renumber verse
PSA 21:12	PSA 21:11	Renumber verse
PSA 21:13	PSA 21:12	Renumber verse
PSA 21:14	PSA 21:13	Renumber verse
PSA 21:2	PSA 21:1	Renumber verse
PSA 21:3	PSA 21:2	Renumber verse
PSA 21:4	PSA 21:3	Renumber verse
PSA 21:5	PSA 21:4	Renumber verse
PSA 21:6	PSA 21:5	Renumber verse
PSA 21:7	PSA 21:6	Renumber verse
PSA 21:8	PSA 21:7	Renumber verse
PSA 21:9	PSA 21:8	Renumber verse
PSA 22:1	PSA 22:title	Renumber title
PSA 22:10	PSA 22:9	Renumber verse
PSA 22:11	PSA 22:10	Renumber verse
PSA 22:12	PSA 22:11	Renumber verse
PSA 22:13	PSA 22:12	Renumber verse
PSA 22:14	PSA 22:13	Renumber verse
PSA 22:15	PSA 22:14	Renumber verse
PSA 22:16	PSA 22:15	Renumber verse
PSA 22:17	PSA 22:16	Renumber verse
PSA 22:18	PSA 22:17	Renumber verse
PSA 22:19	PSA 22:18	Renumber verse
PSA 22:2	PSA 22:1	Renumber verse
PSA 22:20	PSA 22:19	Renumber verse
PSA 22:21	PSA 22:20	Renumber verse
PSA 22:22	PSA 22:21	Renumber verse
PSA 22:23	PSA 22:22	Renumber verse
PSA 22:24	PSA 22:23	Renumber verse
PSA 22:25	PSA 22:24	Renumber verse
PSA 22:26	PSA 22:25	Renumber verse
PSA 22:27	PSA 22:26	Renumber verse
PSA 22:28	PSA 22:27	Renumber verse
PSA 22:29	PSA 22:28	Renumber verse
PSA 22:3	PSA 22:2	Renumber verse
PSA 22:30	PSA 22:29	Renumber verse
PSA 22:31	PSA 22:30	Renumber verse
PSA 22:32	PSA 22:31	Renumber verse
PSA 22:4	PSA 22:3	Renumber verse
PSA 22:5	PSA 22:4	Renumber verse
PSA 22:6	PSA 22:5	Renumber verse
PSA 22:7	PSA 22:6	Renumber verse
PSA 22:8	PSA 22:7	Renumber verse
PSA 22:9	PSA 22:8	Renumber verse
PSA 30:1	PSA 30:title	Renumber title
PSA 30:10	PSA 30:9	Renumber verse
PSA 30:11	PSA 30:10	Renumber verse
PSA 30:12	PSA 30:11	Renumber verse
PSA 30:13	PSA 30:12	Renumber verse
PSA 30:2	PSA 30:1	Renumber verse
PSA 30:3	PSA 30:2	Renumber verse
PSA 30:4	PSA 30:3	Renumber verse
PSA 30:5	PSA 30:4	Renumber verse
PSA 30:6	PSA 30:5	Renumber verse
PSA 30:7	PSA 30:6	Renumber verse
PSA 30:8	PSA 30:7	Renumber verse
PSA 30:9	PSA 30:8	Renumber verse
PSA 31:1	PSA 31:title	Renumber title
PSA 31:10	PSA 31:9	Renumber verse
PSA 31:11	PSA 31:10	Renumber verse
PSA 31:12	PSA 31:11	Renumber verse
PSA 31:13	PSA 31:12	Renumber verse
PSA 31:14	PSA 31:13	Renumber verse
PSA 31:15	PSA 31:14	Renumber verse
PSA 31:16	PSA 31:15	Renumber verse
PSA 31:17	PSA 31:16	Renumber verse
PSA 31:18	PSA 31:17	Renumber verse
PSA 31:19	PSA 31:18	Renumber verse
PSA 31:2	PSA 31:1	Renumber verse
PSA 31:20	PSA 31:19	Renumber verse
PSA 31:21	PSA 31:20	Renumber verse
PSA 31:22	PSA 31:21	Renumber verse
PSA 31:23	PSA 31:22	Renumber verse
PSA 31:24	PSA 31:23	Renumber verse
PSA 31:25	PSA 31:24	Renumber verse
PSA 31:3	PSA 31:2	Renumber verse
PSA 31:4	PSA 31:3	Renumber verse
PSA 31:5	PSA 31:4	Renumber verse
PSA 31:6	PSA 31:5	Renumber verse
PSA 31:7	PSA 31:6	Renumber verse
PSA 31:8	PSA 31:7	Renumber verse
PSA 31:9	PSA 31:8	Renumber verse
PSA 34:1	PSA 34:title	Renumber title
PSA 34:10	PSA 34:9	Renumber verse
PSA 34:11	PSA 34:10	Renumber verse
PSA 34:12	PSA 34:11	Renumber verse
PSA 34:13	PSA 34:12	Renumber verse
PSA 34:14	PSA 34:13	Renumber verse
PSA 34:15	PSA 34:14	Renumber verse
PSA 34:16	PSA 34:15	Renumber verse
PSA 34:17	PSA 34:16	Renumber verse
PSA 34:18	PSA 34:17	Renumber verse
PSA 34:19	PSA 34:18	Renumber verse
PSA 34:2	PSA 34:1	Renumber verse
PSA 34:20	PSA 34:19	Renumber verse
PSA 34:21	PSA 34:20	Renumber verse
PSA 34:22	PSA 34:21	Renumber verse
PSA 34:23	PSA 34:22	Renumber verse
PSA 34:3	PSA 34:2	Renumber verse
PSA 34:4	PSA 34:3	Renumber verse
PSA 34:5	PSA 34:4	Renumber verse
PSA 34:6	PSA 34:5	Renumber verse
PSA 34:7	PSA 34:6	Renumber verse
PSA 34:8	PSA 34:7	Renumber verse
PSA 34:9	PSA 34:8	Renumber verse
PSA 36:1	PSA 36:title	Renumber title
PSA 36:10	PSA 36:9	Renumber verse
PSA 36:11	PSA 36:10	Renumber verse
PSA 36:12	PSA 36:11	Renumber verse
PSA 36:13	PSA 36:12	Renumber verse
PSA 36:2	PSA 36:1	Renumber verse
PSA 36:3	PSA 36:2	Renumber verse
PSA 36:4	PSA 36:3	Renumber verse
PSA 36:5	PSA 36:4	Renumber verse
PSA 36:6	PSA 36:5	Renumber verse
PSA 36:7	PSA 36:6	Renumber verse
PSA 36:8	PSA 36:7	Renumber verse
PSA 36:9	PSA 36:8	Renumber verse
PSA 38:1	PSA 38:title	Renumber title
PSA 38:10	PSA 38:9	Renumber verse
PSA 38:11	PSA 38:10	Renumber verse
PSA 38:12	PSA 38:11	Renumber verse
PSA 38:13	PSA 38:12	Renumber verse
PSA 38:14	PSA 38:13	Renumber verse
PSA 38:15	PSA 38:14	Renumber verse
PSA 38:16	PSA 38:15	Renumber verse
PSA 38:17	PSA 38:16	Renumber verse
PSA 38:18	PSA 38:17	Renumber verse
PSA 38:19	PSA 38:18	Renumber verse
PSA 38:2	PSA 38:1	Renumber verse
PSA 38:20	PSA 38:19	Renumber verse
PSA 38:21	PSA 38:20	Renumber verse
PSA 38:22	PSA 38:21	Renumber verse
PSA 38:23	PSA 38:22	Renumber verse
PSA 38:3	PSA 38:2	Renumber verse
PSA 38:4	PSA 38:3	Renumber verse
PSA 38:5	PSA 38:4	Renumber verse
PSA 38:6	PSA 38:5	Renumber verse
PSA 38:7	PSA 38:6	Renumber verse
PSA 38:8	PSA 38:7	Renumber verse
PSA 38:9	PSA 38:8	Renumber verse
PSA 39:1	PSA 39:title	Renumber title
PSA 39:10	PSA 39:9	Renumber verse
PSA 39:11	PSA 39:10	Renumber verse
PSA 39:12	PSA 39:11	Renumber verse
PSA 39:13	PSA 39:12	Renumber verse
PSA 39:14	PSA 39:13	Renumber verse
PSA 39:2	PSA 39:1	Renumber verse
PSA 39:3	PSA 39:2	Renumber verse
PSA 39:4	PSA 39:3	Renumber verse
PSA 39:5	PSA 39:4	Renumber verse
PSA 39:6	PSA 39:5	Renumber verse
PSA 39:7	PSA 39:6	Renumber verse
PSA 39:8	PSA 39:7	Renumber verse
PSA 39:9	PSA 39:8	Renumber verse
PSA 3:1	PSA 3:title	Renumber title
PSA 3:2	PSA 3:1	Renumber verse
PSA 3:3	PSA 3:2	Renumber verse
PSA 3:4	PSA 3:3	Renumber verse
PSA 3:5	PSA 3:4	Renumber verse
PSA 3:6	PSA 3:5	Renumber verse
PSA 3:7	PSA 3:6	Renumber verse
PSA 3:8	PSA 3:7	Renumber verse
PSA 3:9	PSA 3:8	Renumber verse
PSA 40:1	PSA 40:title	Renumber title
PSA 40:10	PSA 40:9	Renumber verse
PSA 40:11	PSA 40:10	Renumber verse
PSA 40:12	PSA 40:11	Renumber verse
PSA 40:13	PSA 40:12	Renumber verse
PSA 40:14	PSA 40:13	Renumber verse
PSA 40:15	PSA 40:14	Renumber verse
PSA 40:16	PSA 40:15	Renumber verse
PSA 40:17	PSA 40:16	Renumber verse
PSA 40:18	PSA 40:17	Renumber verse
PSA 40:2	PSA 40:1	Renumber verse
PSA 40:3	PSA 40:2	Renumber verse
PSA 40:4	PSA 40:3	Renumber verse
PSA 40:5	PSA 40:4	Renumber verse
PSA 40:6	PSA 40:5	Renumber verse
PSA 40:7	PSA 40:6	Renumber verse
PSA 40:8	PSA 40:7	Renumber verse
PSA 40:9	PSA 40:8	Renumber verse
PSA 41:1	PSA 41:title	Renumber title
PSA 41:10	PSA 41:9	Renumber verse
PSA 41:11	PSA 41:10	Renumber verse
PSA 41:12	PSA 41:11	Renumber verse
PSA 41:13	PSA 41:12	Renumber verse
PSA 41:14	PSA 41:13	Renumber verse
PSA 41:2	PSA 41:1	Renumber verse
PSA 41:3	PSA 41:2	Renumber verse
PSA 41:4	PSA 41:3	Renumber verse
PSA 41:5	PSA 41:4	Renumber verse
PSA 41:6	PSA 41:5	Renumber verse
PSA 41:7	PSA 41:6	Renumber verse
PSA 41:8	PSA 41:7	Renumber verse
PSA 41:9	PSA 41:8	Renumber verse
PSA 42:1	PSA 42:title	Renumber title
PSA 42:10	PSA 42:9	Renumber verse
PSA 42:11	PSA 42:10	Renumber verse
PSA 42:12	PSA 42:11	Renumber verse
PSA 42:2	PSA 42:1	Renumber verse
PSA 42:3	PSA 42:2	Renumber verse
PSA 42:4	PSA 42:3	Renumber verse
PSA 42:5	PSA 42:4	Renumber verse
PSA 42:6	PSA 42:5	Renumber verse
PSA 42:7	PSA 42:6	Renumber verse
PSA 42:8	PSA 42:7	Renumber verse
PSA 42:9	PSA 42:8	Renumber verse
PSA 44:1	PSA 44:title	Renumber title
PSA 44:10	PSA 44:9	Renumber verse
PSA 44:11	PSA 44:10	Renumber verse
PSA 44:12	PSA 44:11	Renumber verse
PSA 44:13	PSA 44:12	Renumber verse
PSA 44:14	PSA 44:13	Renumber verse
PSA 44:15	PSA 44:14	Renumber verse
PSA 44:16	PSA 44:15	Renumber verse
PSA 44:17	PSA 44:16	Renumber verse
PSA 44:18	PSA 44:17	Renumber verse
PSA 44:19	PSA 44:18	Renumber verse
PSA 44:2	PSA 44:1	Renumber verse
PSA 44:20	PSA 44:19	Renumber verse
PSA 44:21	PSA 44:20	Renumber verse
PSA 44:22	PSA 44:21	Renumber verse
PSA 44:23	PSA 44:22	Renumber verse
PSA 44:24	PSA 44:23	Renumber verse
PSA 44:25	PSA 44:24	Renumber verse
PSA 44:26	PSA 44:25	Renumber verse
PSA 44:27	PSA 44:26	Renumber verse
PSA 44:3	PSA 44:2	Renumber verse
PSA 44:4	PSA 44:3	Renumber verse
PSA 44:5	PSA 44:4	Renumber verse
PSA 44:6	PSA 44:5	Renumber verse
PSA 44:7	PSA 44:6	Renumber verse
PSA 44:8	PSA 44:7	Renumber verse
PSA 44:9	PSA 44:8	Renumber verse
PSA 45:1	PSA 45:title	Renumber title
PSA 45:10	PSA 45:9	Renumber verse
PSA 45:11	PSA 45:10	Renumber verse
PSA 45:12	PSA 45:11	Renumber verse
PSA 45:13	PSA 45:12	Renumber verse
PSA 45:14	PSA 45:13	Renumber verse
PSA 45:15	PSA 45:14	Renumber verse
PSA 45:16	PSA 45:15	Renumber verse
PSA 45:17	PSA 45:16	Renumber verse
PSA 45:18	PSA 45:17	Renumber verse
PSA 45:2	PSA 45:1	Renumber verse
PSA 45:3	PSA 45:2	Renumber verse
PSA 45:4	PSA 45:3	Renumber verse
PSA 45:5	PSA 45:4	Renumber verse
PSA 45:6	PSA 45:5	Renumber verse
PSA 45:7	PSA 45:6	Renumber verse
PSA 45:8	PSA 45:7	Renumber verse
PSA 45:9	PSA 45:8	Renumber verse
PSA 46:1	PSA 46:title	Renumber title
PSA 46:10	PSA 46:9	Renumber verse
PSA 46:11	PSA 46:10	Renumber verse
PSA 46:12	PSA 46:11	Renumber verse
PSA 46:2	PSA 46:1	Renumber verse
PSA 46:3	PSA 46:2	Renumber verse
PSA 46:4	PSA 46:3	Renumber verse
PSA 46:5	PSA 46:4	Renumber verse
PSA 46:6	PSA 46:5	Renumber verse
PSA 46:7	PSA 46:6	Renumber verse
PSA 46:8	PSA 46:7	Renumber verse
PSA 46:9	PSA 46:8	Renumber verse
PSA 47:1	PSA 47:title	Renumber title
PSA 47:10	PSA 47:9	Renumber verse
PSA 47:2	PSA 47:1	Renumber verse
PSA 47:3	PSA 47:2	Renumber verse
PSA 47:4	PSA 47:3	Renumber verse
PSA 47:5	PSA 47:4	Renumber verse
PSA 47:6	PSA 47:5	Renumber verse
PSA 47:7	PSA 47:6	Renumber verse
PSA 47:8	PSA 47:7	Renumber verse
PSA 47:9	PSA 47:8	Renumber verse
PSA 48:1	PSA 48:title	Renumber title
PSA 48:10	PSA 48:9	Renumber verse
PSA 48:11	PSA 48:10	Renumber verse
PSA 48:12	PSA 48:11	Renumber verse
PSA 48:13	PSA 48:12	Renumber verse
PSA 48:14	PSA 48:13	Renumber verse
PSA 48:15	PSA 48:14	Renumber verse
PSA 48:2	PSA 48:1	Renumber verse
PSA 48:3	PSA 48:2	Renumber verse
PSA 48:4	PSA 48:3	Renumber verse
PSA 48:5	PSA 48:4	Renumber verse
PSA 48:6	PSA 48:5	Renumber verse
PSA 48:7	PSA 48:6	Renumber verse
PSA 48:8	PSA 48:7	Renumber verse
PSA 48:9	PSA 48:8	Renumber verse
PSA 49:1	PSA 49:title	Renumber title
PSA 49:10	PSA 49:9	Renumber verse
PSA 49:11	PSA 49:10	Renumber verse
PSA 49:12	PSA 49:11	Renumber verse
PSA 49:13	PSA 49:12	Renumber verse
PSA 49:14	PSA 49:13	Renumber verse
PSA 49:15	PSA 49:14	Renumber verse
PSA 49:16	PSA 49:15	Renumber verse
PSA 49:17	PSA 49:16	Renumber verse
PSA 49:18	PSA 49:17	Renumber verse
PSA 49:19	PSA 49:18	Renumber verse
PSA 49:2	PSA 49:1	Renumber verse
PSA 49:20	PSA 49:19	Renumber verse
PSA 49:21	PSA 49:20	Renumber verse
PSA 49:3	PSA 49:2	Renumber verse
PSA 49:4	PSA 49:3	Renumber verse
PSA 49:5	PSA 49:4	Renumber verse
PSA 49:6	PSA 49:5	Renumber verse
PSA 49:7	PSA 49:6	Renumber verse
PSA 49:8	PSA 49:7	Renumber verse
PSA 49:9	PSA 49:8	Renumber verse
PSA 4:1	PSA 4:title	Renumber title
PSA 4:2	PSA 4:1	Renumber verse
PSA 4:3	PSA 4:2	Renumber verse
PSA 4:4	PSA 4:3	Renumber verse
PSA 4:5	PSA 4:4	Renumber verse
PSA 4:6	PSA 4:5	Renumber verse
PSA 4:7	PSA 4:6	Renumber verse
PSA 4:8	PSA 4:7	Renumber verse
PSA 4:9	PSA 4:8	Renumber verse
PSA 51:1	PSA 51:title	Renumber title
PSA 51:10	PSA 51:8	Renumber verse
PSA 51:11	PSA 51:9	Renumber verse
PSA 51:12	PSA 51:10	Renumber verse
PSA 51:13	PSA 51:11	Renumber verse
PSA 51:14	PSA 51:12	Renumber verse
PSA 51:15	PSA 51:13	Renumber verse
PSA 51:16	PSA 51:14	Renumber verse
PSA 51:17	PSA 51:15	Renumber verse
PSA 51:18	PSA 51:16	Renumber verse
PSA 51:19	PSA 51:17	Renumber verse
PSA 51:2	PSA 51:title	Renumber title
PSA 51:20	PSA 51:18	Renumber verse
PSA 51:21	PSA 51:19	Renumber verse
PSA 51:3	PSA 51:1	Renumber verse
PSA 51:4	PSA 51:2	Renumber verse
PSA 51:5	PSA 51:3	Renumber verse
PSA 51:6	PSA 51:4	Renumber verse
PSA 51:7	PSA 51:5	Renumber verse
PSA 51:8	PSA 51:6	Renumber verse
PSA 51:9	PSA 51:7	Renumber verse
PSA 52:1	PSA 52:title	Renumber title
PSA 52:10	PSA 52:8	Renumber verse
PSA 52:11	PSA 52:9	Renumber verse
PSA 52:2	PSA 52:title	Renumber title
PSA 52:3	PSA 52:1	Renumber verse
PSA 52:4	PSA 52:2	Renumber verse
PSA 52:5	PSA 52:3	Renumber verse
PSA 52:6	PSA 52:4	Renumber verse
PSA 52:7	PSA 52:5	Renumber verse
PSA 52:8	PSA 52:6	Renumber verse
PSA 52:9	PSA 52:7	Renumber verse
PSA 53:1	PSA 53:title	Renumber title
PSA 53:2	PSA 53:1	Renumber verse
PSA 53:3	PSA 53:2	Renumber verse
PSA 53:4	PSA 53:3	Renumber verse
PSA 53:5	PSA 53:4	Renumber verse
PSA 53:6	PSA 53:5	Renumber verse
PSA 53:7	PSA 53:6	Renumber verse
PSA 54:1	PSA 54:title	Renumber title
PSA 54:2	PSA 54:title	Renumber title
PSA 54:3	PSA 54:1	Renumber verse
PSA 54:4	PSA 54:2	Renumber verse
PSA 54:5	PSA 54:3	Renumber verse
PSA 54:6	PSA 54:4	Renumber verse
PSA 54:7	PSA 54:5	Renumber verse
PSA 54:8	PSA 54:6	Renumber verse
PSA 54:9	PSA 54:7	Renumber verse
PSA 55:1	PSA 55:title	Renumber title
PSA 55:10	PSA 55:9	Renumber verse
PSA 55:11	PSA 55:10	Renumber verse
PSA 55:12	PSA 55:11	Renumber verse
PSA 55:13	PSA 55:12	Renumber verse
PSA 55:14	PSA 55:13	Renumber verse
PSA 55:15	PSA 55:14	Renumber verse
PSA 55:16	PSA 55:15	Renumber verse
PSA 55:17	PSA 55:16	Renumber verse
PSA 55:18	PSA 55:17	Renumber verse
PSA 55:19	PSA 55:18	Renumber verse
PSA 55:2	PSA 55:1	Renumber verse
PSA 55:20	PSA 55:19	Renumber verse
PSA 55:21	PSA 55:20	Renumber verse
PSA 55:22	PSA 55:21	Renumber verse
PSA 55:23	PSA 55:22	Renumber verse
PSA 55:24	PSA 55:23	Renumber verse
PSA 55:3	PSA 55:2	Renumber verse
PSA 55:4	PSA 55:3	Renumber verse
PSA 55:5	PSA 55:4	Renumber verse
PSA 55:6	PSA 55:5	Renumber verse
PSA 55:7	PSA 55:6	Renumber verse
PSA 55:8	PSA 55:7	Renumber verse
PSA 55:9	PSA 55:8	Renumber verse
PSA 56:1	PSA 56:title	Renumber title
PSA 56:10	PSA 56:9	Renumber verse
PSA 56:11	PSA 56:10	Renumber verse
PSA 56:12	PSA 56:11	Renumber verse
PSA 56:13	PSA 56:12	Renumber verse
PSA 56:14	PSA 56:13	Renumber verse
PSA 56:2	PSA 56:1	Renumber verse
PSA 56:3	PSA 56:2	Renumber verse
PSA 56:4	PSA 56:3	Renumber verse
PSA 56:5	PSA 56:4	Renumber verse
PSA 56:6	PSA 56:5	Renumber verse
PSA 56:7	PSA 56:6	Renumber verse
PSA 56:8	PSA 56:7	Renumber verse
PSA 56:9	PSA 56:8	Renumber verse
PSA 57:1	PSA 57:title	Renumber title
PSA 57:10	PSA 57:9	Renumber verse
PSA 57:11	PSA 57:10	Renumber verse
PSA 57:12	PSA 57:11	Renumber verse
PSA 57:2	PSA 57:1	Renumber verse
PSA 57:3	PSA 57:2	Renumber verse
PSA 57:4	PSA 57:3	Renumber verse
PSA 57:5	PSA 57:4	Renumber verse
PSA 57:6	PSA 57:5	Renumber verse
PSA 57:7	PSA 57:6	Renumber verse
PSA 57:8	PSA 57:7	Renumber verse
PSA 57:9	PSA 57:8	Renumber verse
PSA 58:1	PSA 58:title	Renumber title
PSA 58:10	PSA 58:9	Renumber verse
PSA 58:11	PSA 58:10	Renumber verse
PSA 58:12	PSA 58:11	Renumber verse
PSA 58:2	PSA 58:1	Renumber verse
PSA 58:3	PSA 58:2	Renumber verse
PSA 58:4	PSA 58:3	Renumber verse
PSA 58:5	PSA 58:4	Renumber verse
PSA 58:6	PSA 58:5	Renumber verse
PSA 58:7	PSA 58:6	Renumber verse
PSA 58:8	PSA 58:7	Renumber verse
PSA 58:9	PSA 58:8	Renumber verse
PSA 59:1	PSA 59:title	Renumber title
PSA 59:10	PSA 59:9	Renumber verse
PSA 59:11	PSA 59:10	Renumber verse
PSA 59:12	PSA 59:11	Renumber verse
PSA 59:13	PSA 59:12	Renumber verse
PSA 59:14	PSA 59:13	Renumber verse
PSA 59:15	PSA 59:14	Renumber verse
PSA 59:16	PSA 59:15	Renumber verse
PSA 59:17	PSA 59:16	Renumber verse
PSA 59:18	PSA 59:17	Renumber verse
PSA 59:2	PSA 59:1	Renumber verse
PSA 59:3	PSA 59:2	Renumber verse
PSA 59:4	PSA 59:3	Renumber verse
PSA 59:5	PSA 59:4	Renumber verse
PSA 59:6	PSA 59:5	Renumber verse
PSA 59:7	PSA 59:6	Renumber verse
PSA 59:8	PSA 59:7	Renumber verse
PSA 59:9	PSA 59:8	Renumber verse
PSA 5:1	PSA 5:title	Renumber title
PSA 5:10	PSA 5:9	Renumber verse
PSA 5:11	PSA 5:10	Renumber verse
PSA 5:12	PSA 5:11	Renumber verse
PSA 5:13	PSA 5:12	Renumber verse
PSA 5:2	PSA 5:1	Renumber verse
PSA 5:3	PSA 5:2	Renumber verse
PSA 5:4	PSA 5:3	Renumber verse
PSA 5:5	PSA 5:4	Renumber verse
PSA 5:6	PSA 5:5	Renumber verse
PSA 5:7	PSA 5:6	Renumber verse
PSA 5:8	PSA 5:7	Renumber verse
PSA 5:9	PSA 5:8	Renumber verse
PSA 60:1	PSA 60:title	Renumber title
PSA 60:10	PSA 60:8	Renumber verse
PSA 60:11	PSA 60:9	Renumber verse
PSA 60:12	PSA 60:10	Renumber verse
PSA 60:13	PSA 60:11	Renumber verse
PSA 60:14	PSA 60:12	Renumber verse
PSA 60:2	PSA 60:title	Renumber title
PSA 60:3	PSA 60:1	Renumber verse
PSA 60:4	PSA 60:2	Renumber verse
PSA 60:5	PSA 60:3	Renumber verse
PSA 60:6	PSA 60:4	Renumber verse
PSA 60:7	PSA 60:5	Renumber verse
PSA 60:8	PSA 60:6	Renumber verse
PSA 60:9	PSA 60:7	Renumber verse
PSA 61:1	PSA 61:title	Renumber title
PSA 61:2	PSA 61:1	Renumber verse
PSA 61:3	PSA 61:2	Renumber verse
PSA 61:4	PSA 61:3	Renumber verse
PSA 61:5	PSA 61:4	Renumber verse
PSA 61:6	PSA 61:5	Renumber verse
PSA 61:7	PSA 61:6	Renumber verse
PSA 61:8	PSA 61:7	Renumber verse
PSA 61:9	PSA 61:8	Renumber verse
PSA 62:1	PSA 62:title	Renumber title
PSA 62:10	PSA 62:9	Renumber verse
PSA 62:11	PSA 62:10	Renumber verse
PSA 62:12	PSA 62:11	Renumber verse
PSA 62:13	PSA 62:12	Renumber verse
PSA 62:2	PSA 62:1	Renumber verse
PSA 62:3	PSA 62:2	Renumber verse
PSA 62:4	PSA 62:3	Renumber verse
PSA 62:5	PSA 62:4	Renumber verse
PSA 62:6	PSA 62:5	Renumber verse
PSA 62:7	PSA 62:6	Renumber verse
PSA 62:8	PSA 62:7	Renumber verse
PSA 62:9	PSA 62:8	Renumber verse
PSA 63:1	PSA 63:title	Renumber title
PSA 63:10	PSA 63:9	Renumber verse
PSA 63:11	PSA 63:10	Renumber verse
PSA 63:12	PSA 63:11	Renumber verse
PSA 63:2	PSA 63:1	Renumber verse
PSA 63:3	PSA 63:2	Renumber verse
PSA 63:4	PSA 63:3	Renumber verse
PSA 63:5	PSA 63:4	Renumber verse
PSA 63:6	PSA 63:5	Renumber verse
PSA 63:7	PSA 63:6	Renumber verse
PSA 63:8	PSA 63:7	Renumber verse
PSA 63:9	PSA 63:8	Renumber verse
PSA 64:1	PSA 64:title	Renumber title
PSA 64:10	PSA 64:9	Renumber verse
PSA 64:11	PSA 64:10	Renumber verse
PSA 64:2	PSA 64:1	Renumber verse
PSA 64:3	PSA 64:2	Renumber verse
PSA 64:4	PSA 64:3	Renumber verse
PSA 64:5	PSA 64:4	Renumber verse
PSA 64:6	PSA 64:5	Renumber verse
PSA 64:7	PSA 64:6	Renumber verse
PSA 64:8	PSA 64:7	Renumber verse
PSA 64:9	PSA 64:8	Renumber verse
PSA 65:1	PSA 65:title	Renumber title
PSA 65:10	PSA 65:9	Renumber verse
PSA 65:11	PSA 65:10	Renumber verse
PSA 65:12	PSA 65:11	Renumber verse
PSA 65:13	PSA 65:12	Renumber verse
PSA 65:14	PSA 65:13	Renumber verse
PSA 65:2	PSA 65:1	Renumber verse
PSA 65:3	PSA 65:2	Renumber verse
PSA 65:4	PSA 65:3	Renumber verse
PSA 65:5	PSA 65:4	Renumber verse
PSA 65:6	PSA 65:5	Renumber verse
PSA 65:7	PSA 65:6	Renumber verse
PSA 65:8	PSA 65:7	Renumber verse
PSA 65:9	PSA 65:8	Renumber verse
PSA 67:1	PSA 67:title	Renumber title
PSA 67:2	PSA 67:1	Renumber verse
PSA 67:3	PSA 67:2	Renumber verse
PSA 67:4	PSA 67:3	Renumber verse
PSA 67:5	PSA 67:4	Renumber verse
PSA 67:6	PSA 67:5	Renumber verse
PSA 67:7	PSA 67:6	Renumber verse
PSA 67:8	PSA 67:7	Renumber verse
PSA 68:1	PSA 68:title	Renumber title
PSA 68:10	PSA 68:9	Renumber verse
PSA 68:11	PSA 68:10	Renumber verse
PSA 68:12	PSA 68:11	Renumber verse
PSA 68:13	PSA 68:12	Renumber verse
PSA 68:14	PSA 68:13	Renumber verse
PSA 68:15	PSA 68:14	Renumber verse
PSA 68:16	PSA 68:15	Renumber verse
PSA 68:17	PSA 68:16	Renumber verse
PSA 68:18	PSA 68:17	Renumber verse
PSA 68:19	PSA 68:18	Renumber verse
PSA 68:2	PSA 68:1	Renumber verse
PSA 68:20	PSA 68:19	Renumber verse
PSA 68:21	PSA 68:20	Renumber verse
PSA 68:22	PSA 68:21	Renumber verse
PSA 68:23	PSA 68:22	Renumber verse
PSA 68:24	PSA 68:23	Renumber verse
PSA 68:25	PSA 68:24	Renumber verse
PSA 68:26	PSA 68:25	Renumber verse
PSA 68:27	PSA 68:26	Renumber verse
PSA 68:28	PSA 68:27	Renumber verse
PSA 68:29	PSA 68:28	Renumber verse
PSA 68:3	PSA 68:2	Renumber verse
PSA 68:30	PSA 68:29	Renumber verse
PSA 68:31	PSA 68:30	Renumber verse
PSA 68:32	PSA 68:31	Renumber verse
PSA 68:33	PSA 68:32	Renumber verse
PSA 68:34	PSA 68:33	Renumber verse
PSA 68:35	PSA 68:34	Renumber verse
PSA 68:36	PSA 68:35	Renumber verse
PSA 68:4	PSA 68:3	Renumber verse
PSA 68:5	PSA 68:4	Renumber verse
PSA 68:6	PSA 68:5	Renumber verse
PSA 68:7	PSA 68:6	Renumber verse
PSA 68:8	PSA 68:7	Renumber verse
PSA 68:9	PSA 68:8	Renumber verse
PSA 69:1	PSA 69:title	Renumber title
PSA 69:10	PSA 69:9	Renumber verse
PSA 69:11	PSA 69:10	Renumber verse
PSA 69:12	PSA 69:11	Renumber verse
PSA 69:13	PSA 69:12	Renumber verse
PSA 69:14	PSA 69:13	Renumber verse
PSA 69:15	PSA 69:14	Renumber verse
PSA 69:16	PSA 69:15	Renumber verse
PSA 69:17	PSA 69:16	Renumber verse
PSA 69:18	PSA 69:17	Renumber verse
PSA 69:19	PSA 69:18	Renumber verse
PSA 69:2	PSA 69:1	Renumber verse
PSA 69:20	PSA 69:19	Renumber verse
PSA 69:21	PSA 69:20	Renumber verse
PSA 69:22	PSA 69:21	Renumber verse
PSA 69:23	PSA 69:22	Renumber verse
PSA 69:24	PSA 69:23	Renumber verse
PSA 69:25	PSA 69:24	Renumber verse
PSA 69:26	PSA 69:25	Renumber verse
PSA 69:27	PSA 69:26	Renumber verse
PSA 69:28	PSA 69:27	Renumber verse
PSA 69:29	PSA 69:28	Renumber verse
PSA 69:3	PSA 69:2	Renumber verse
PSA 69:30	PSA 69:29	Renumber verse
PSA 69:31	PSA 69:30	Renumber verse
PSA 69:32	PSA 69:31	Renumber verse
PSA 69:33	PSA 69:32	Renumber verse
PSA 69:34	PSA 69:33	Renumber verse
PSA 69:35	PSA 69:34	Renumber verse
PSA 69:36	PSA 69:35	Renumber verse
PSA 69:37	PSA 69:36	Renumber verse
PSA 69:4	PSA 69:3	Renumber verse
PSA 69:5	PSA 69:4	Renumber verse
PSA 69:6	PSA 69:5	Renumber verse
PSA 69:7	PSA 69:6	Renumber verse
PSA 69:8	PSA 69:7	Renumber verse
PSA 69:9	PSA 69:8	Renumber verse
PSA 6:1	PSA 6:title	Renumber title
PSA 6:10	PSA 6:9	Renumber verse
PSA 6:11	PSA 6:10	Renumber verse
PSA 6:2	PSA 6:1	Renumber verse
PSA 6:3	PSA 6:2	Renumber verse
PSA 6:4	PSA 6:3	Renumber verse
PSA 6:5	PSA 6:4	Renumber verse
PSA 6:6	PSA 6:5	Renumber verse
PSA 6:7	PSA 6:6	Renumber verse
PSA 6:8	PSA 6:7	Renumber verse
PSA 6:9	PSA 6:8	Renumber verse
PSA 70:1	PSA 70:title	Renumber title
PSA 70:2	PSA 70:1	Renumber verse
PSA 70:3	PSA 70:2	Renumber verse
PSA 70:4	PSA 70:3	Renumber verse
PSA 70:5	PSA 70:4	Renumber verse
PSA 70:6	PSA 70:5	Renumber verse
PSA 75:1	PSA 75:title	Renumber title
PSA 75:10	PSA 75:9	Renumber verse
PSA 75:11	PSA 75:10	Renumber verse
PSA 75:2	PSA 75:1	Renumber verse
PSA 75:3	PSA 75:2	Renumber verse
PSA 75:4	PSA 75:3	Renumber verse
PSA 75:5	PSA 75:4	Renumber verse
PSA 75:6	PSA 75:5	Renumber verse
PSA 75:7	PSA 75:6	Renumber verse
PSA 75:8	PSA 75:7	Renumber verse
PSA 75:9	PSA 75:8	Renumber verse
PSA 76:1	PSA 76:title	Renumber title
PSA 76:10	PSA 76:9	Renumber verse
PSA 76:11	PSA 76:10	Renumber verse
PSA 76:12	PSA 76:11	Renumber verse
PSA 76:13	PSA 76:12	Renumber verse
PSA 76:2	PSA 76:1	Renumber verse
PSA 76:3	PSA 76:2	Renumber verse
PSA 76:4	PSA 76:3	Renumber verse
PSA 76:5	PSA 76:4	Renumber verse
PSA 76:6	PSA 76:5	Renumber verse
PSA 76:7	PSA 76:6	Renumber verse
PSA 76:8	PSA 76:7	Renumber verse
PSA 76:9	PSA 76:8	Renumber verse
PSA 77:1	PSA 77:title	Renumber title
PSA 77:10	PSA 77:9	Renumber verse
PSA 77:11	PSA 77:10	Renumber verse
PSA 77:12	PSA 77:11	Renumber verse
PSA 77:13	PSA 77:12	Renumber verse
PSA 77:14	PSA 77:13	Renumber verse
PSA 77:15	PSA 77:14	Renumber verse
PSA 77:16	PSA 77:15	Renumber verse
PSA 77:17	PSA 77:16	Renumber verse
PSA 77:18	PSA 77:17	Renumber verse
PSA 77:19	PSA 77:18	Renumber verse
PSA 77:2	PSA 77:1	Renumber verse
PSA 77:20	PSA 77:19	Renumber verse
PSA 77:21	PSA 77:20	Renumber verse
PSA 77:3	PSA 77:2	Renumber verse
PSA 77:4	PSA 77:3	Renumber verse
PSA 77:5	PSA 77:4	Renumber verse
PSA 77:6	PSA 77:5	Renumber verse
PSA 77:7	PSA 77:6	Renumber verse
PSA 77:8	PSA 77:7	Renumber verse
PSA 77:9	PSA 77:8	Renumber verse
PSA 7:1	PSA 7:title	Renumber title
PSA 7:10	PSA 7:9	Renumber verse
PSA 7:11	PSA 7:10	Renumber verse
PSA 7:12	PSA 7:11	Renumber verse
PSA 7:13	PSA 7:12	Renumber verse
PSA 7:14	PSA 7:13	Renumber verse
PSA 7:15	PSA 7:14	Renumber verse
PSA 7:16	PSA 7:15	Renumber verse
PSA 7:17	PSA 7:16	Renumber verse
PSA 7:18	PSA 7:17	Renumber verse
PSA 7:2	PSA 7:1	Renumber verse
PSA 7:3	PSA 7:2	Renumber verse
PSA 7:4	PSA 7:3	Renumber verse
PSA 7:5	PSA 7:4	Renumber verse
PSA 7:6	PSA 7:5	Renumber verse
PSA 7:7	PSA 7:6	Renumber verse
PSA 7:8	PSA 7:7	Renumber verse
PSA 7:9	PSA 7:8	Renumber verse
PSA 80:1	PSA 80:title	Renumber title
PSA 80:10	PSA 80:9	Renumber verse
PSA 80:11	PSA 80:10	Renumber verse
PSA 80:12	PSA 80:11	Renumber verse
PSA 80:13	PSA 80:12	Renumber verse
PSA 80:14	PSA 80:13	Renumber verse
PSA 80:15	PSA 80:14	Renumber verse
PSA 80:16	PSA 80:15	Renumber verse
PSA 80:17	PSA 80:16	Renumber verse
PSA 80:18	PSA 80:17	Renumber verse
PSA 80:19	PSA 80:18	Renumber verse
PSA 80:2	PSA 80:1	Renumber verse
PSA 80:20	PSA 80:19	Renumber verse
PSA 80:3	PSA 80:2	Renumber verse
PSA 80:4	PSA 80:3	Renumber verse
PSA 80:5	PSA 80:4	Renumber verse
PSA 80:6	PSA 80:5	Renumber verse
PSA 80:7	PSA 80:6	Renumber verse
PSA 80:8	PSA 80:7	Renumber verse
PSA 80:9	PSA 80:8	Renumber verse
PSA 81:1	PSA 81:title	Renumber title
PSA 81:10	PSA 81:9	Renumber verse
PSA 81:11	PSA 81:10	Renumber verse
PSA 81:12	PSA 81:11	Renumber verse
PSA 81:13	PSA 81:12	Renumber verse
PSA 81:14	PSA 81:13	Renumber verse
PSA 81:15	PSA 81:14	Renumber verse
PSA 81:16	PSA 81:15	Renumber verse
PSA 81:17	PSA 81:16	Renumber verse
PSA 81:2	PSA 81:1	Renumber verse
PSA 81:3	PSA 81:2	Renumber verse
PSA 81:4	PSA 81:3	Renumber verse
PSA 81:5	PSA 81:4	Renumber verse
PSA 81:6	PSA 81:5	Renumber verse
PSA 81:7	PSA 81:6	Renumber verse
PSA 81:8	PSA 81:7	Renumber verse
PSA 81:9	PSA 81:8	Renumber verse
PSA 83:1	PSA 83:title	Renumber title
PSA 83:10	PSA 83:9	Renumber verse
PSA 83:11	PSA 83:10	Renumber verse
PSA 83:12	PSA 83:11	Renumber verse
PSA 83:13	PSA 83:12	Renumber verse
PSA 83:14	PSA 83:13	Renumber verse
PSA 83:15	PSA 83:14	Renumber verse
PSA 83:16	PSA 83:15	Renumber verse
PSA 83:17	PSA 83:16	Renumber verse
PSA 83:18	PSA 83:17	Renumber verse
PSA 83:19	PSA 83:18	Renumber verse
PSA 83:2	PSA 83:1	Renumber verse
PSA 83:3	PSA 83:2	Renumber verse
PSA 83:4	PSA 83:3	Renumber verse
PSA 83:5	PSA 83:4	Renumber verse
PSA 83:6	PSA 83:5	Renumber verse
PSA 83:7	PSA 83:6	Renumber verse
PSA 83:8	PSA 83:7	Renumber verse
PSA 83:9	PSA 83:8	Renumber verse
PSA 84:1	PSA 84:title	Renumber title
PSA 84:10	PSA 84:9	Renumber verse
PSA 84:11	PSA 84:10	Renumber verse
PSA 84:12	PSA 84:11	Renumber verse
PSA 84:13	PSA 84:12	Renumber verse
PSA 84:2	PSA 84:1	Renumber verse
PSA 84:3	PSA 84:2	Renumber verse
PSA 84:4	PSA 84:3	Renumber verse
PSA 84:5	PSA 84:4	Renumber verse
PSA 84:6	PSA 84:5	Renumber verse
PSA 84:7	PSA 84:6	Renumber verse
PSA 84:8	PSA 84:7	Renumber verse
PSA 84:9	PSA 84:8	Renumber verse
PSA 85:1	PSA 85:title	Renumber title
PSA 85:10	PSA 85:9	Renumber verse
PSA 85:11	PSA 85:10	Renumber verse
PSA 85:12	PSA 85:11	Renumber verse
PSA 85:13	PSA 85:12	Renumber verse
PSA 85:14	PSA 85:13	Renumber verse
PSA 85:2	PSA 85:1	Renumber verse
PSA 85:3	PSA 85:2	Renumber verse
PSA 85:4	PSA 85:3	Renumber verse
PSA 85:5	PSA 85:4	Renumber verse
PSA 85:6	PSA 85:5	Renumber verse
PSA 85:7	PSA 85:6	Renumber verse
PSA 85:8	PSA 85:7	Renumber verse
PSA 85:9	PSA 85:8	Renumber verse
PSA 88:1	PSA 88:title	Renumber title
PSA 88:10	PSA 88:9	Renumber verse
PSA 88:11	PSA 88:10	Renumber verse
PSA 88:12	PSA 88:11	Renumber verse
PSA 88:13	PSA 88:12	Renumber verse
PSA 88:14	PSA 88:13	Renumber verse
PSA 88:15	PSA 88:14	Renumber verse
PSA 88:16	PSA 88:15	Renumber verse
PSA 88:17	PSA 88:16	Renumber verse
PSA 88:18	PSA 88:17	Renumber verse
PSA 88:19	PSA 88:18	Renumber verse
PSA 88:2	PSA 88:1	Renumber verse
PSA 88:3	PSA 88:2	Renumber verse
PSA 88:4	PSA 88:3	Renumber verse
PSA 88:5	PSA 88:4	Renumber verse
PSA 88:6	PSA 88:5	Renumber verse
PSA 88:7	PSA 88:6	Renumber verse
PSA 88:8	PSA 88:7	Renumber verse
PSA 88:9	PSA 88:8	Renumber verse
PSA 89:1	PSA 89:title	Renumber title
PSA 89:10	PSA 89:9	Renumber verse
PSA 89:11	PSA 89:10	Renumber verse
PSA 89:12	PSA 89:11	Renumber verse
PSA 89:13	PSA 89:12	Renumber verse
PSA 89:14	PSA 89:13	Renumber verse
PSA 89:15	PSA 89:14	Renumber verse
PSA 89:16	PSA 89:15	Renumber verse
PSA 89:17	PSA 89:16	Renumber verse
PSA 89:18	PSA 89:17	Renumber verse
PSA 89:19	PSA 89:18	Renumber verse
PSA 89:2	PSA 89:1	Renumber verse
PSA 89:20	PSA 89:19	Renumber verse
PSA 89:21	PSA 89:20	Renumber verse
PSA 89:22	PSA 89:21	Renumber verse
PSA 89:23	PSA 89:22	Renumber verse
PSA 89:24	PSA 89:23	Renumber verse
PSA 89:25	PSA 89:24	Renumber verse
PSA 89:26	PSA 89:25	Renumber verse
PSA 89:27	PSA 89:26	Renumber verse
PSA 89:28	PSA 89:27	Renumber verse
PSA 89:29	PSA 89:28	Renumber verse
PSA 89:3	PSA 89:2	Renumber verse
PSA 89:30	PSA 89:29	Renumber verse
PSA 89:31	PSA 89:30	Renumber verse
PSA 89:32	PSA 89:31	Renumber verse
PSA 89:33	PSA 89:32	Renumber verse
PSA 89:34	PSA 89:33	Renumber verse
PSA 89:35	PSA 89:34	Renumber verse
PSA 89:36	PSA 89:35	Renumber verse
PSA 89:37	PSA 89:36	Renumber verse
PSA 89:38	PSA 89:37	Renumber verse
PSA 89:39	PSA 89:38	Renumber verse
PSA 89:4	PSA 89:3	Renumber verse
PSA 89:40	PSA 89:39	Renumber verse
PSA 89:41	PSA 89:40	Renumber verse
PSA 89:42	PSA 89:41	Renumber verse
PSA 89:43	PSA 89:42	Renumber verse
PSA 89:44	PSA 89:43	Renumber verse
PSA 89:45	PSA 89:44	Renumber verse
PSA 89:46	PSA 89:45	Renumber verse
PSA 89:47	PSA 89:46	Renumber verse
PSA 89:48	PSA 89:47	Renumber verse
PSA 89:49	PSA 89:48	Renumber verse
PSA 89:5	PSA 89:4	Renumber verse
PSA 89:50	PSA 89:49	Renumber verse
PSA 89:51	PSA 89:50	Renumber verse
PSA 89:52	PSA 89:51	Renumber verse
PSA 89:53	PSA 89:52	Renumber verse
PSA 89:6	PSA 89:5	Renumber verse
PSA 89:7	PSA 89:6	Renumber verse
PSA 89:8	PSA 89:7	Renumber verse
PSA 89:9	PSA 89:8	Renumber verse
PSA 8:1	PSA 8:title	Renumber title
PSA 8:10	PSA 8:9	Renumber verse
PSA 8:2	PSA 8:1	Renumber verse
PSA 8:3	PSA 8:2	Renumber verse
PSA 8:4	PSA 8:3	Renumber verse
PSA 8:5	PSA 8:4	Renumber verse
PSA 8:6	PSA 8:5	Renumber verse
PSA 8:7	PSA 8:6	Renumber verse
PSA 8:8	PSA 8:7	Renumber verse
PSA 8:9	PSA 8:8	Renumber verse
PSA 92:1	PSA 92:title	Renumber title
PSA 92:10	PSA 92:9	Renumber verse
PSA 92:11	PSA 92:10	Renumber verse
PSA 92:12	PSA 92:11	Renumber verse
PSA 92:13	PSA 92:12	Renumber verse
PSA 92:14	PSA 92:13	Renumber verse
PSA 92:15	PSA 92:14	Renumber verse
PSA 92:16	PSA 92:15	Renumber verse
PSA 92:2	PSA 92:1	Renumber verse
PSA 92:3	PSA 92:2	Renumber verse
PSA 92:4	PSA 92:3	Renumber verse
PSA 92:5	PSA 92:4	Renumber verse
PSA 92:6	PSA 92:5	Renumber verse
PSA 92:7	PSA 92:6	Renumber verse
PSA 92:8	PSA 92:7	Renumber verse
PSA 92:9	PSA 92:8	Renumber verse
PSA 9:1	PSA 9:title	Renumber title
PSA 9:10	PSA 9:9	Renumber verse
PSA 9:11	PSA 9:10	Renumber verse
PSA 9:12	PSA 9:11	Renumber verse
PSA 9:13	PSA 9:12	Renumber verse
PSA 9:14	PSA 9:13	Renumber verse
PSA 9:15	PSA 9:14	Renumber verse
PSA 9:16	PSA 9:15	Renumber verse
PSA 9:17	PSA 9:16	Renumber verse
PSA 9:18	PSA 9:17	Renumber verse
PSA 9:19	PSA 9:18	Renumber verse
PSA 9:2	PSA 9:1	Renumber verse
PSA 9:20	PSA 9:19	Renumber verse
PSA 9:21	PSA 9:20	Renumber verse
PSA 9:3	PSA 9:2	Renumber verse
PSA 9:4	PSA 9:3	Renumber verse
PSA 9:5	PSA 9:4	Renumber verse
PSA 9:6	PSA 9:5	Renumber verse
PSA 9:7	PSA 9:6	Renumber verse
PSA 9:8	PSA 9:7	Renumber verse
PSA 9:9	PSA 9:8	Renumber verse
SNG 7:1	SNG 6:13	Renumber verse
SNG 7:10	SNG 7:9	Renumber verse
SNG 7:11	SNG 7:10	Renumber verse
SNG 7:12	SNG 7:11	Renumber verse
SNG 7:13	SNG 7:12	Renumber verse
SNG 7:14	SNG 7:13	Renumber verse
SNG 7:2	SNG 7:1	Renumber verse
SNG 7:3	SNG 7:2	Renumber verse
SNG 7:4	SNG 7:3	Renumber verse
SNG 7:5	SNG 7:4	Renumber verse
SNG 7:6	SNG 7:5	Renumber verse
SNG 7:7	SNG 7:6	Renumber verse
SNG 7:8	SNG 7:7	Renumber verse
SNG 7:9	SNG 7:8	Renumber verse
ZEC 2:1	ZEC 1:18	Renumber verse
ZEC 2:10	ZEC 2:6	Renumber verse
ZEC 2:11	ZEC 2:7	Renumber verse
ZEC 2:12	ZEC 2:8	Renumber verse
ZEC 2:13	ZEC 2:9	Renumber verse
ZEC 2:14	ZEC 2:10	Renumber verse
ZEC 2:15	ZEC 2:11	Renumber verse
ZEC 2:16	ZEC 2:12	Renumber verse
ZEC 2:17	ZEC 2:13	Renumber verse
ZEC 2:2	ZEC 1:19	Renumber verse
ZEC 2:3	ZEC 1:20	Renumber verse
ZEC 2:4	ZEC 1:21	Renumber verse
ZEC 2:5	ZEC 2:1	Renumber verse
ZEC 2:6	ZEC 2:2	Renumber verse
ZEC 2:7	ZEC 2:3	Renumber verse
ZEC 2:8	ZEC 2:4	Renumber verse
ZEC 2:9	ZEC 2:5	Renumber verse
